YearWeekISO,ReportingCountry,Denominator,NumberDosesReceived,NumberDosesExported,FirstDose,FirstDoseRefused,SecondDose,DoseAdditional1,DoseAdditional2,DoseAdditional3,UnknownDose,Region,TargetGroup,Vaccine,Population
2020-W53,AT,7388778,61425,0,5344,,0,0,0,0,0,AT,ALL,COM,8901064
2020-W53,AT,7388778,0,0,0,,0,0,0,0,0,AT,ALL,COMBA.4-5,8901064
2020-W53,AT,7388778,0,0,0,,0,0,0,0,0,AT,ALL,VLA,8901064
2020-W53,AT,7388778,0,0,0,,0,0,0,0,0,AT,ALL,MODBA.1,8901064
2020-W53,AT,7388778,0,0,0,,0,0,0,0,0,AT,ALL,AZ,8901064
2020-W53,AT,7388778,0,0,0,,0,0,0,0,0,AT,ALL,SGSK,8901064
2020-W53,AT,7388778,0,0,0,,0,0,0,0,8,AT,ALL,UNK,8901064
2020-W53,AT,7388778,0,0,0,,0,0,0,0,0,AT,ALL,NVXD,8901064
2020-W53,AT,7388778,0,0,0,,0,0,0,0,0,AT,ALL,MOD,8901064
2020-W53,AT,7388778,0,0,2,,0,0,0,0,0,AT,ALL,COMBA.1,8901064
2020-W53,AT,7388778,0,0,0,,0,0,0,0,0,AT,ALL,JANSS,8901064
2020-W53,AT,433755,0,0,0,,0,0,0,0,0,AT,Age0_4,NVXD,8901064
2020-W53,AT,433755,0,0,1,,0,0,0,0,0,AT,Age0_4,COM,8901064
2020-W53,AT,433755,0,0,0,,0,0,0,0,0,AT,Age0_4,VLA,8901064
2020-W53,AT,433755,0,0,0,,0,0,0,0,0,AT,Age0_4,SGSK,8901064
2020-W53,AT,433755,0,0,0,,0,0,0,0,0,AT,Age0_4,MOD,8901064
2020-W53,AT,433755,0,0,0,,0,0,0,0,0,AT,Age0_4,COMBA.4-5,8901064
2020-W53,AT,433755,0,0,0,,0,0,0,0,0,AT,Age0_4,COMBA.1,8901064
2020-W53,AT,433755,0,0,0,,0,0,0,0,0,AT,Age0_4,JANSS,8901064
2020-W53,AT,433755,0,0,0,,0,0,0,0,0,AT,Age0_4,MODBA.1,8901064
2020-W53,AT,433755,0,0,0,,0,0,0,0,0,AT,Age0_4,UNK,8901064
2020-W53,AT,433755,0,0,0,,0,0,0,0,0,AT,Age0_4,AZ,8901064
2020-W53,AT,423433,0,0,0,,0,0,0,0,0,AT,Age10_14,AZ,8901064
2020-W53,AT,423433,0,0,0,,0,0,0,0,0,AT,Age10_14,COM,8901064
2020-W53,AT,423433,0,0,0,,0,0,0,0,0,AT,Age10_14,UNK,8901064
2020-W53,AT,423433,0,0,0,,0,0,0,0,0,AT,Age10_14,MODBA.1,8901064
2020-W53,AT,423433,0,0,0,,0,0,0,0,0,AT,Age10_14,NVXD,8901064
2020-W53,AT,423433,0,0,0,,0,0,0,0,0,AT,Age10_14,VLA,8901064
2020-W53,AT,423433,0,0,0,,0,0,0,0,0,AT,Age10_14,SGSK,8901064
2020-W53,AT,423433,0,0,0,,0,0,0,0,0,AT,Age10_14,COMBA.1,8901064
2020-W53,AT,423433,0,0,0,,0,0,0,0,0,AT,Age10_14,JANSS,8901064
2020-W53,AT,423433,0,0,0,,0,0,0,0,0,AT,Age10_14,COMBA.4-5,8901064
2020-W53,AT,423433,0,0,0,,0,0,0,0,0,AT,Age10_14,MOD,8901064
2020-W53,AT,258398,0,0,0,,0,0,0,0,0,AT,Age15_17,COMBA.1,8901064
2020-W53,AT,258398,0,0,0,,0,0,0,0,0,AT,Age15_17,AZ,8901064
2020-W53,AT,258398,0,0,0,,0,0,0,0,0,AT,Age15_17,MOD,8901064
2020-W53,AT,258398,0,0,0,,0,0,0,0,0,AT,Age15_17,COMBA.4-5,8901064
2020-W53,AT,258398,0,0,0,,0,0,0,0,0,AT,Age15_17,NVXD,8901064
2020-W53,AT,258398,0,0,0,,0,0,0,0,0,AT,Age15_17,VLA,8901064
2020-W53,AT,258398,0,0,0,,0,0,0,0,0,AT,Age15_17,UNK,8901064
2020-W53,AT,258398,0,0,0,,0,0,0,0,0,AT,Age15_17,SGSK,8901064
2020-W53,AT,258398,0,0,5,,0,0,0,0,0,AT,Age15_17,COM,8901064
2020-W53,AT,258398,0,0,0,,0,0,0,0,0,AT,Age15_17,MODBA.1,8901064
2020-W53,AT,258398,0,0,0,,0,0,0,0,0,AT,Age15_17,JANSS,8901064
2020-W53,AT,683584,0,0,0,,0,0,0,0,0,AT,Age18_24,COMBA.4-5,8901064
2020-W53,AT,683584,0,0,0,,0,0,0,0,0,AT,Age18_24,VLA,8901064
2020-W53,AT,683584,0,0,0,,0,0,0,0,0,AT,Age18_24,NVXD,8901064
2020-W53,AT,683584,0,0,0,,0,0,0,0,0,AT,Age18_24,SGSK,8901064
2020-W53,AT,683584,0,0,92,,0,0,0,0,0,AT,Age18_24,COM,8901064
2020-W53,AT,683584,0,0,0,,0,0,0,0,0,AT,Age18_24,JANSS,8901064
2020-W53,AT,683584,0,0,0,,0,0,0,0,0,AT,Age18_24,COMBA.1,8901064
2020-W53,AT,683584,0,0,0,,0,0,0,0,0,AT,Age18_24,AZ,8901064
2020-W53,AT,683584,0,0,0,,0,0,0,0,1,AT,Age18_24,UNK,8901064
2020-W53,AT,683584,0,0,0,,0,0,0,0,0,AT,Age18_24,MOD,8901064
2020-W53,AT,683584,0,0,0,,0,0,0,0,0,AT,Age18_24,MODBA.1,8901064
2020-W53,AT,3002329,0,0,0,,0,0,0,0,0,AT,Age25_49,VLA,8901064
2020-W53,AT,3002329,0,0,0,,0,0,0,0,0,AT,Age25_49,NVXD,8901064
2020-W53,AT,3002329,0,0,0,,0,0,0,0,0,AT,Age25_49,COMBA.4-5,8901064
2020-W53,AT,3002329,0,0,2,,0,0,0,0,0,AT,Age25_49,COMBA.1,8901064
2020-W53,AT,3002329,0,0,0,,0,0,0,0,0,AT,Age25_49,JANSS,8901064
2020-W53,AT,3002329,0,0,0,,0,0,0,0,5,AT,Age25_49,UNK,8901064
2020-W53,AT,3002329,0,0,0,,0,0,0,0,0,AT,Age25_49,MODBA.1,8901064
2020-W53,AT,3002329,0,0,1333,,0,0,0,0,0,AT,Age25_49,COM,8901064
2020-W53,AT,3002329,0,0,0,,0,0,0,0,0,AT,Age25_49,MOD,8901064
2020-W53,AT,3002329,0,0,0,,0,0,0,0,0,AT,Age25_49,AZ,8901064
2020-W53,AT,3002329,0,0,0,,0,0,0,0,0,AT,Age25_49,SGSK,8901064
2020-W53,AT,1399348,0,0,0,,0,0,0,0,0,AT,Age50_59,JANSS,8901064
2020-W53,AT,1399348,0,0,0,,0,0,0,0,0,AT,Age50_59,AZ,8901064
2020-W53,AT,1399348,0,0,0,,0,0,0,0,0,AT,Age50_59,VLA,8901064
2020-W53,AT,1399348,0,0,0,,0,0,0,0,0,AT,Age50_59,COMBA.1,8901064
2020-W53,AT,1399348,0,0,0,,0,0,0,0,0,AT,Age50_59,MOD,8901064
2020-W53,AT,1399348,0,0,0,,0,0,0,0,0,AT,Age50_59,COMBA.4-5,8901064
2020-W53,AT,1399348,0,0,0,,0,0,0,0,0,AT,Age50_59,NVXD,8901064
2020-W53,AT,1399348,0,0,1052,,0,0,0,0,0,AT,Age50_59,COM,8901064
2020-W53,AT,1399348,0,0,0,,0,0,0,0,2,AT,Age50_59,UNK,8901064
2020-W53,AT,1399348,0,0,0,,0,0,0,0,0,AT,Age50_59,MODBA.1,8901064
2020-W53,AT,1399348,0,0,0,,0,0,0,0,0,AT,Age50_59,SGSK,8901064
2020-W53,AT,428300,0,0,0,,0,0,0,0,0,AT,Age5_9,MODBA.1,8901064
2020-W53,AT,428300,0,0,0,,0,0,0,0,0,AT,Age5_9,COMBA.4-5,8901064
2020-W53,AT,428300,0,0,0,,0,0,0,0,0,AT,Age5_9,AZ,8901064
2020-W53,AT,428300,0,0,0,,0,0,0,0,0,AT,Age5_9,JANSS,8901064
2020-W53,AT,428300,0,0,0,,0,0,0,0,0,AT,Age5_9,MOD,8901064
2020-W53,AT,428300,0,0,0,,0,0,0,0,0,AT,Age5_9,UNK,8901064
2020-W53,AT,428300,0,0,1,,0,0,0,0,0,AT,Age5_9,COM,8901064
2020-W53,AT,428300,0,0,0,,0,0,0,0,0,AT,Age5_9,COMBA.1,8901064
2020-W53,AT,428300,0,0,0,,0,0,0,0,0,AT,Age5_9,VLA,8901064
2020-W53,AT,428300,0,0,0,,0,0,0,0,0,AT,Age5_9,NVXD,8901064
2020-W53,AT,428300,0,0,0,,0,0,0,0,0,AT,Age5_9,SGSK,8901064
2020-W53,AT,1047888,0,0,0,,0,0,0,0,0,AT,Age60_69,MODBA.1,8901064
2020-W53,AT,1047888,0,0,0,,0,0,0,0,0,AT,Age60_69,MOD,8901064
2020-W53,AT,1047888,0,0,0,,0,0,0,0,0,AT,Age60_69,COMBA.1,8901064
2020-W53,AT,1047888,0,0,0,,0,0,0,0,0,AT,Age60_69,COMBA.4-5,8901064
2020-W53,AT,1047888,0,0,601,,0,0,0,0,0,AT,Age60_69,COM,8901064
2020-W53,AT,1047888,0,0,0,,0,0,0,0,0,AT,Age60_69,JANSS,8901064
2020-W53,AT,1047888,0,0,0,,0,0,0,0,0,AT,Age60_69,VLA,8901064
2020-W53,AT,1047888,0,0,0,,0,0,0,0,0,AT,Age60_69,SGSK,8901064
2020-W53,AT,1047888,0,0,0,,0,0,0,0,0,AT,Age60_69,AZ,8901064
2020-W53,AT,1047888,0,0,0,,0,0,0,0,0,AT,Age60_69,UNK,8901064
2020-W53,AT,1047888,0,0,0,,0,0,0,0,0,AT,Age60_69,NVXD,8901064
2020-W53,AT,753524,0,0,0,,0,0,0,0,0,AT,Age70_79,COMBA.1,8901064
2020-W53,AT,753524,0,0,0,,0,0,0,0,0,AT,Age70_79,JANSS,8901064
2020-W53,AT,753524,0,0,564,,0,0,0,0,0,AT,Age70_79,COM,8901064
2020-W53,AT,753524,0,0,0,,0,0,0,0,0,AT,Age70_79,COMBA.4-5,8901064
2020-W53,AT,753524,0,0,0,,0,0,0,0,0,AT,Age70_79,AZ,8901064
2020-W53,AT,753524,0,0,0,,0,0,0,0,0,AT,Age70_79,SGSK,8901064
2020-W53,AT,753524,0,0,0,,0,0,0,0,0,AT,Age70_79,MODBA.1,8901064
2020-W53,AT,753524,0,0,0,,0,0,0,0,0,AT,Age70_79,MOD,8901064
2020-W53,AT,753524,0,0,0,,0,0,0,0,0,AT,Age70_79,UNK,8901064
2020-W53,AT,753524,0,0,0,,0,0,0,0,0,AT,Age70_79,VLA,8901064
2020-W53,AT,753524,0,0,0,,0,0,0,0,0,AT,Age70_79,NVXD,8901064
2020-W53,AT,502105,0,0,1702,,0,0,0,0,0,AT,Age80+,COM,8901064
2020-W53,AT,502105,0,0,0,,0,0,0,0,0,AT,Age80+,AZ,8901064
2020-W53,AT,502105,0,0,0,,0,0,0,0,0,AT,Age80+,MODBA.1,8901064
2020-W53,AT,502105,0,0,0,,0,0,0,0,0,AT,Age80+,MOD,8901064
2020-W53,AT,502105,0,0,0,,0,0,0,0,0,AT,Age80+,COMBA.4-5,8901064
2020-W53,AT,502105,0,0,0,,0,0,0,0,0,AT,Age80+,UNK,8901064
2020-W53,AT,502105,0,0,0,,0,0,0,0,0,AT,Age80+,SGSK,8901064
2020-W53,AT,502105,0,0,0,,0,0,0,0,0,AT,Age80+,JANSS,8901064
2020-W53,AT,502105,0,0,0,,0,0,0,0,0,AT,Age80+,NVXD,8901064
2020-W53,AT,502105,0,0,0,,0,0,0,0,0,AT,Age80+,COMBA.1,8901064
2020-W53,AT,502105,0,0,0,,0,0,0,0,0,AT,Age80+,VLA,8901064
2020-W53,AT,1543886,0,0,0,,0,0,0,0,0,AT,Age<18,AZ,8901064
2020-W53,AT,1543886,0,0,0,,0,0,0,0,0,AT,Age<18,MODBA.1,8901064
2020-W53,AT,1543886,0,0,0,,0,0,0,0,0,AT,Age<18,MOD,8901064
2020-W53,AT,1543886,0,0,7,,0,0,0,0,0,AT,Age<18,COM,8901064
2020-W53,AT,1543886,0,0,0,,0,0,0,0,0,AT,Age<18,VLA,8901064
2020-W53,AT,1543886,0,0,0,,0,0,0,0,0,AT,Age<18,JANSS,8901064
2020-W53,AT,1543886,0,0,0,,0,0,0,0,0,AT,Age<18,SGSK,8901064
2020-W53,AT,1543886,0,0,0,,0,0,0,0,0,AT,Age<18,COMBA.4-5,8901064
2020-W53,AT,1543886,0,0,0,,0,0,0,0,0,AT,Age<18,COMBA.1,8901064
2020-W53,AT,1543886,0,0,0,,0,0,0,0,0,AT,Age<18,UNK,8901064
2020-W53,AT,1543886,0,0,0,,0,0,0,0,0,AT,Age<18,NVXD,8901064
2021-W01,AT,7388778,0,0,0,,0,0,0,0,7,AT,ALL,UNK,8932664
2021-W01,AT,7388778,0,0,0,,0,0,0,0,0,AT,ALL,COMBA.4-5,8932664
2021-W01,AT,7388778,0,0,0,,0,0,0,0,0,AT,ALL,MOD,8932664
2021-W01,AT,7388778,0,0,0,,0,0,0,0,0,AT,ALL,VLA,8932664
2021-W01,AT,7388778,0,0,0,,0,0,0,0,0,AT,ALL,AZ,8932664
2021-W01,AT,7388778,0,0,0,,0,0,0,0,0,AT,ALL,MODBA.1,8932664
2021-W01,AT,7388778,0,0,0,,0,0,0,0,0,AT,ALL,JANSS,8932664
2021-W01,AT,7388778,0,0,0,,0,0,0,0,0,AT,ALL,NVXD,8932664
2021-W01,AT,7388778,0,0,0,,0,0,0,0,0,AT,ALL,SGSK,8932664
2021-W01,AT,7388778,61425,0,26384,,2,0,0,0,0,AT,ALL,COM,8932664
2021-W01,AT,7388778,0,0,4,,0,0,0,0,0,AT,ALL,COMBA.1,8932664
2021-W01,AT,433755,0,0,0,,0,0,0,0,0,AT,Age0_4,MODBA.1,8932664
2021-W01,AT,433755,0,0,0,,0,0,0,0,0,AT,Age0_4,COM,8932664
2021-W01,AT,433755,0,0,0,,0,0,0,0,0,AT,Age0_4,UNK,8932664
2021-W01,AT,433755,0,0,0,,0,0,0,0,0,AT,Age0_4,SGSK,8932664
2021-W01,AT,433755,0,0,0,,0,0,0,0,0,AT,Age0_4,AZ,8932664
2021-W01,AT,433755,0,0,0,,0,0,0,0,0,AT,Age0_4,VLA,8932664
2021-W01,AT,433755,0,0,0,,0,0,0,0,0,AT,Age0_4,NVXD,8932664
2021-W01,AT,433755,0,0,0,,0,0,0,0,0,AT,Age0_4,COMBA.1,8932664
2021-W01,AT,433755,0,0,0,,0,0,0,0,0,AT,Age0_4,MOD,8932664
2021-W01,AT,433755,0,0,0,,0,0,0,0,0,AT,Age0_4,JANSS,8932664
2021-W01,AT,433755,0,0,0,,0,0,0,0,0,AT,Age0_4,COMBA.4-5,8932664
2021-W01,AT,423433,0,0,0,,0,0,0,0,0,AT,Age10_14,MODBA.1,8932664
2021-W01,AT,423433,0,0,0,,0,0,0,0,0,AT,Age10_14,COM,8932664
2021-W01,AT,423433,0,0,0,,0,0,0,0,0,AT,Age10_14,AZ,8932664
2021-W01,AT,423433,0,0,0,,0,0,0,0,0,AT,Age10_14,SGSK,8932664
2021-W01,AT,423433,0,0,0,,0,0,0,0,0,AT,Age10_14,NVXD,8932664
2021-W01,AT,423433,0,0,0,,0,0,0,0,0,AT,Age10_14,JANSS,8932664
2021-W01,AT,423433,0,0,0,,0,0,0,0,0,AT,Age10_14,UNK,8932664
2021-W01,AT,423433,0,0,0,,0,0,0,0,0,AT,Age10_14,VLA,8932664
2021-W01,AT,423433,0,0,0,,0,0,0,0,0,AT,Age10_14,COMBA.1,8932664
2021-W01,AT,423433,0,0,0,,0,0,0,0,0,AT,Age10_14,MOD,8932664
2021-W01,AT,423433,0,0,0,,0,0,0,0,0,AT,Age10_14,COMBA.4-5,8932664
2021-W01,AT,258398,0,0,0,,0,0,0,0,0,AT,Age15_17,MODBA.1,8932664
2021-W01,AT,258398,0,0,0,,0,0,0,0,0,AT,Age15_17,NVXD,8932664
2021-W01,AT,258398,0,0,0,,0,0,0,0,0,AT,Age15_17,UNK,8932664
2021-W01,AT,258398,0,0,0,,0,0,0,0,0,AT,Age15_17,MOD,8932664
2021-W01,AT,258398,0,0,23,,0,0,0,0,0,AT,Age15_17,COM,8932664
2021-W01,AT,258398,0,0,0,,0,0,0,0,0,AT,Age15_17,SGSK,8932664
2021-W01,AT,258398,0,0,0,,0,0,0,0,0,AT,Age15_17,VLA,8932664
2021-W01,AT,258398,0,0,0,,0,0,0,0,0,AT,Age15_17,AZ,8932664
2021-W01,AT,258398,0,0,0,,0,0,0,0,0,AT,Age15_17,COMBA.1,8932664
2021-W01,AT,258398,0,0,0,,0,0,0,0,0,AT,Age15_17,JANSS,8932664
2021-W01,AT,258398,0,0,0,,0,0,0,0,0,AT,Age15_17,COMBA.4-5,8932664
2021-W01,AT,683584,0,0,0,,0,0,0,0,0,AT,Age18_24,AZ,8932664
2021-W01,AT,683584,0,0,0,,0,0,0,0,0,AT,Age18_24,SGSK,8932664
2021-W01,AT,683584,0,0,0,,0,0,0,0,0,AT,Age18_24,MOD,8932664
2021-W01,AT,683584,0,0,1,,0,0,0,0,0,AT,Age18_24,COMBA.1,8932664
2021-W01,AT,683584,0,0,0,,0,0,0,0,0,AT,Age18_24,JANSS,8932664
2021-W01,AT,683584,0,0,0,,0,0,0,0,0,AT,Age18_24,NVXD,8932664
2021-W01,AT,683584,0,0,797,,0,0,0,0,0,AT,Age18_24,COM,8932664
2021-W01,AT,683584,0,0,0,,0,0,0,0,0,AT,Age18_24,MODBA.1,8932664
2021-W01,AT,683584,0,0,0,,0,0,0,0,0,AT,Age18_24,VLA,8932664
2021-W01,AT,683584,0,0,0,,0,0,0,0,0,AT,Age18_24,UNK,8932664
2021-W01,AT,683584,0,0,0,,0,0,0,0,0,AT,Age18_24,COMBA.4-5,8932664
2021-W01,AT,3002329,0,0,0,,0,0,0,0,0,AT,Age25_49,SGSK,8932664
2021-W01,AT,3002329,0,0,0,,0,0,0,0,0,AT,Age25_49,MOD,8932664
2021-W01,AT,3002329,0,0,0,,0,0,0,0,0,AT,Age25_49,JANSS,8932664
2021-W01,AT,3002329,0,0,10499,,1,0,0,0,0,AT,Age25_49,COM,8932664
2021-W01,AT,3002329,0,0,3,,0,0,0,0,0,AT,Age25_49,COMBA.1,8932664
2021-W01,AT,3002329,0,0,0,,0,0,0,0,1,AT,Age25_49,UNK,8932664
2021-W01,AT,3002329,0,0,0,,0,0,0,0,0,AT,Age25_49,VLA,8932664
2021-W01,AT,3002329,0,0,0,,0,0,0,0,0,AT,Age25_49,NVXD,8932664
2021-W01,AT,3002329,0,0,0,,0,0,0,0,0,AT,Age25_49,MODBA.1,8932664
2021-W01,AT,3002329,0,0,0,,0,0,0,0,0,AT,Age25_49,AZ,8932664
2021-W01,AT,3002329,0,0,0,,0,0,0,0,0,AT,Age25_49,COMBA.4-5,8932664
2021-W01,AT,1399348,0,0,0,,0,0,0,0,0,AT,Age50_59,JANSS,8932664
2021-W01,AT,1399348,0,0,0,,0,0,0,0,0,AT,Age50_59,SGSK,8932664
2021-W01,AT,1399348,0,0,0,,0,0,0,0,1,AT,Age50_59,UNK,8932664
2021-W01,AT,1399348,0,0,0,,0,0,0,0,0,AT,Age50_59,MODBA.1,8932664
2021-W01,AT,1399348,0,0,6577,,0,0,0,0,0,AT,Age50_59,COM,8932664
2021-W01,AT,1399348,0,0,0,,0,0,0,0,0,AT,Age50_59,VLA,8932664
2021-W01,AT,1399348,0,0,0,,0,0,0,0,0,AT,Age50_59,AZ,8932664
2021-W01,AT,1399348,0,0,0,,0,0,0,0,0,AT,Age50_59,MOD,8932664
2021-W01,AT,1399348,0,0,0,,0,0,0,0,0,AT,Age50_59,NVXD,8932664
2021-W01,AT,1399348,0,0,0,,0,0,0,0,0,AT,Age50_59,COMBA.4-5,8932664
2021-W01,AT,1399348,0,0,0,,0,0,0,0,0,AT,Age50_59,COMBA.1,8932664
2021-W01,AT,428300,0,0,0,,0,0,0,0,0,AT,Age5_9,COMBA.4-5,8932664
2021-W01,AT,428300,0,0,0,,0,0,0,0,0,AT,Age5_9,COMBA.1,8932664
2021-W01,AT,428300,0,0,0,,0,0,0,0,0,AT,Age5_9,UNK,8932664
2021-W01,AT,428300,0,0,0,,0,0,0,0,0,AT,Age5_9,MOD,8932664
2021-W01,AT,428300,0,0,0,,0,0,0,0,0,AT,Age5_9,SGSK,8932664
2021-W01,AT,428300,0,0,2,,0,0,0,0,0,AT,Age5_9,COM,8932664
2021-W01,AT,428300,0,0,0,,0,0,0,0,0,AT,Age5_9,VLA,8932664
2021-W01,AT,428300,0,0,0,,0,0,0,0,0,AT,Age5_9,AZ,8932664
2021-W01,AT,428300,0,0,0,,0,0,0,0,0,AT,Age5_9,JANSS,8932664
2021-W01,AT,428300,0,0,0,,0,0,0,0,0,AT,Age5_9,NVXD,8932664
2021-W01,AT,428300,0,0,0,,0,0,0,0,0,AT,Age5_9,MODBA.1,8932664
2021-W01,AT,1047888,0,0,0,,0,0,0,0,0,AT,Age60_69,JANSS,8932664
2021-W01,AT,1047888,0,0,0,,0,0,0,0,4,AT,Age60_69,UNK,8932664
2021-W01,AT,1047888,0,0,0,,0,0,0,0,0,AT,Age60_69,COMBA.1,8932664
2021-W01,AT,1047888,0,0,2742,,1,0,0,0,0,AT,Age60_69,COM,8932664
2021-W01,AT,1047888,0,0,0,,0,0,0,0,0,AT,Age60_69,AZ,8932664
2021-W01,AT,1047888,0,0,0,,0,0,0,0,0,AT,Age60_69,NVXD,8932664
2021-W01,AT,1047888,0,0,0,,0,0,0,0,0,AT,Age60_69,MODBA.1,8932664
2021-W01,AT,1047888,0,0,0,,0,0,0,0,0,AT,Age60_69,SGSK,8932664
2021-W01,AT,1047888,0,0,0,,0,0,0,0,0,AT,Age60_69,COMBA.4-5,8932664
2021-W01,AT,1047888,0,0,0,,0,0,0,0,0,AT,Age60_69,VLA,8932664
2021-W01,AT,1047888,0,0,0,,0,0,0,0,0,AT,Age60_69,MOD,8932664
2021-W01,AT,753524,0,0,0,,0,0,0,0,0,AT,Age70_79,JANSS,8932664
2021-W01,AT,753524,0,0,0,,0,0,0,0,0,AT,Age70_79,MOD,8932664
2021-W01,AT,753524,0,0,1546,,0,0,0,0,0,AT,Age70_79,COM,8932664
2021-W01,AT,753524,0,0,0,,0,0,0,0,0,AT,Age70_79,COMBA.1,8932664
2021-W01,AT,753524,0,0,0,,0,0,0,0,0,AT,Age70_79,MODBA.1,8932664
2021-W01,AT,753524,0,0,0,,0,0,0,0,0,AT,Age70_79,AZ,8932664
2021-W01,AT,753524,0,0,0,,0,0,0,0,0,AT,Age70_79,VLA,8932664
2021-W01,AT,753524,0,0,0,,0,0,0,0,1,AT,Age70_79,UNK,8932664
2021-W01,AT,753524,0,0,0,,0,0,0,0,0,AT,Age70_79,NVXD,8932664
2021-W01,AT,753524,0,0,0,,0,0,0,0,0,AT,Age70_79,SGSK,8932664
2021-W01,AT,753524,0,0,0,,0,0,0,0,0,AT,Age70_79,COMBA.4-5,8932664
2021-W01,AT,502105,0,0,0,,0,0,0,0,0,AT,Age80+,AZ,8932664
2021-W01,AT,502105,0,0,0,,0,0,0,0,0,AT,Age80+,VLA,8932664
2021-W01,AT,502105,0,0,0,,0,0,0,0,0,AT,Age80+,COMBA.4-5,8932664
2021-W01,AT,502105,0,0,0,,0,0,0,0,0,AT,Age80+,UNK,8932664
2021-W01,AT,502105,0,0,0,,0,0,0,0,0,AT,Age80+,MOD,8932664
2021-W01,AT,502105,0,0,0,,0,0,0,0,0,AT,Age80+,SGSK,8932664
2021-W01,AT,502105,0,0,0,,0,0,0,0,0,AT,Age80+,COMBA.1,8932664
2021-W01,AT,502105,0,0,0,,0,0,0,0,0,AT,Age80+,NVXD,8932664
2021-W01,AT,502105,0,0,4223,,0,0,0,0,0,AT,Age80+,COM,8932664
2021-W01,AT,502105,0,0,0,,0,0,0,0,0,AT,Age80+,MODBA.1,8932664
2021-W01,AT,502105,0,0,0,,0,0,0,0,0,AT,Age80+,JANSS,8932664
2021-W01,AT,1543886,0,0,0,,0,0,0,0,0,AT,Age<18,JANSS,8932664
2021-W01,AT,1543886,0,0,25,,0,0,0,0,0,AT,Age<18,COM,8932664
2021-W01,AT,1543886,0,0,0,,0,0,0,0,0,AT,Age<18,UNK,8932664
2021-W01,AT,1543886,0,0,0,,0,0,0,0,0,AT,Age<18,MODBA.1,8932664
2021-W01,AT,1543886,0,0,0,,0,0,0,0,0,AT,Age<18,VLA,8932664
2021-W01,AT,1543886,0,0,0,,0,0,0,0,0,AT,Age<18,AZ,8932664
2021-W01,AT,1543886,0,0,0,,0,0,0,0,0,AT,Age<18,COMBA.4-5,8932664
2021-W01,AT,1543886,0,0,0,,0,0,0,0,0,AT,Age<18,MOD,8932664
2021-W01,AT,1543886,0,0,0,,0,0,0,0,0,AT,Age<18,NVXD,8932664
2021-W01,AT,1543886,0,0,0,,0,0,0,0,0,AT,Age<18,COMBA.1,8932664
2021-W01,AT,1543886,0,0,0,,0,0,0,0,0,AT,Age<18,SGSK,8932664
2021-W02,AT,7388778,0,0,0,,0,0,0,0,0,AT,ALL,JANSS,8932664
2021-W02,AT,7388778,0,0,0,,0,0,0,0,0,AT,ALL,NVXD,8932664
2021-W02,AT,7388778,61425,0,85248,,406,0,0,0,0,AT,ALL,COM,8932664
2021-W02,AT,7388778,0,0,1,,0,0,0,0,0,AT,ALL,COMBA.4-5,8932664
2021-W02,AT,7388778,0,0,0,,0,0,0,0,0,AT,ALL,AZ,8932664
2021-W02,AT,7388778,0,0,2,,0,0,0,0,0,AT,ALL,COMBA.1,8932664
2021-W02,AT,7388778,7200,0,106,,0,0,0,0,0,AT,ALL,MOD,8932664
2021-W02,AT,7388778,0,0,0,,0,0,0,0,0,AT,ALL,VLA,8932664
2021-W02,AT,7388778,0,0,0,,0,0,0,0,0,AT,ALL,SGSK,8932664
2021-W02,AT,7388778,0,0,0,,0,0,0,0,0,AT,ALL,MODBA.1,8932664
2021-W02,AT,7388778,0,0,0,,0,0,0,0,30,AT,ALL,UNK,8932664
2021-W02,AT,433755,0,0,0,,0,0,0,0,0,AT,Age0_4,JANSS,8932664
2021-W02,AT,433755,0,0,0,,0,0,0,0,0,AT,Age0_4,UNK,8932664
2021-W02,AT,433755,0,0,0,,0,0,0,0,0,AT,Age0_4,COM,8932664
2021-W02,AT,433755,0,0,0,,0,0,0,0,0,AT,Age0_4,SGSK,8932664
2021-W02,AT,433755,0,0,0,,0,0,0,0,0,AT,Age0_4,AZ,8932664
2021-W02,AT,433755,0,0,0,,0,0,0,0,0,AT,Age0_4,COMBA.1,8932664
2021-W02,AT,433755,0,0,0,,0,0,0,0,0,AT,Age0_4,COMBA.4-5,8932664
2021-W02,AT,433755,0,0,0,,0,0,0,0,0,AT,Age0_4,MOD,8932664
2021-W02,AT,433755,0,0,0,,0,0,0,0,0,AT,Age0_4,MODBA.1,8932664
2021-W02,AT,433755,0,0,0,,0,0,0,0,0,AT,Age0_4,NVXD,8932664
2021-W02,AT,433755,0,0,0,,0,0,0,0,0,AT,Age0_4,VLA,8932664
2021-W02,AT,423433,0,0,0,,0,0,0,0,0,AT,Age10_14,NVXD,8932664
2021-W02,AT,423433,0,0,0,,0,0,0,0,0,AT,Age10_14,MODBA.1,8932664
2021-W02,AT,423433,0,0,0,,0,0,0,0,0,AT,Age10_14,MOD,8932664
2021-W02,AT,423433,0,0,0,,0,0,0,0,0,AT,Age10_14,COMBA.1,8932664
2021-W02,AT,423433,0,0,0,,0,0,0,0,0,AT,Age10_14,AZ,8932664
2021-W02,AT,423433,0,0,0,,0,0,0,0,0,AT,Age10_14,COMBA.4-5,8932664
2021-W02,AT,423433,0,0,0,,0,0,0,0,0,AT,Age10_14,JANSS,8932664
2021-W02,AT,423433,0,0,0,,0,0,0,0,0,AT,Age10_14,SGSK,8932664
2021-W02,AT,423433,0,0,0,,0,0,0,0,0,AT,Age10_14,UNK,8932664
2021-W02,AT,423433,0,0,0,,0,0,0,0,0,AT,Age10_14,VLA,8932664
2021-W02,AT,423433,0,0,9,,0,0,0,0,0,AT,Age10_14,COM,8932664
2021-W02,AT,258398,0,0,0,,0,0,0,0,0,AT,Age15_17,VLA,8932664
2021-W02,AT,258398,0,0,0,,0,0,0,0,0,AT,Age15_17,MODBA.1,8932664
2021-W02,AT,258398,0,0,0,,0,0,0,0,0,AT,Age15_17,COMBA.4-5,8932664
2021-W02,AT,258398,0,0,0,,0,0,0,0,0,AT,Age15_17,MOD,8932664
2021-W02,AT,258398,0,0,0,,0,0,0,0,0,AT,Age15_17,AZ,8932664
2021-W02,AT,258398,0,0,0,,0,0,0,0,0,AT,Age15_17,COMBA.1,8932664
2021-W02,AT,258398,0,0,0,,0,0,0,0,0,AT,Age15_17,NVXD,8932664
2021-W02,AT,258398,0,0,66,,1,0,0,0,0,AT,Age15_17,COM,8932664
2021-W02,AT,258398,0,0,0,,0,0,0,0,0,AT,Age15_17,JANSS,8932664
2021-W02,AT,258398,0,0,0,,0,0,0,0,0,AT,Age15_17,SGSK,8932664
2021-W02,AT,258398,0,0,0,,0,0,0,0,0,AT,Age15_17,UNK,8932664
2021-W02,AT,683584,0,0,0,,0,0,0,0,0,AT,Age18_24,VLA,8932664
2021-W02,AT,683584,0,0,0,,0,0,0,0,0,AT,Age18_24,SGSK,8932664
2021-W02,AT,683584,0,0,0,,0,0,0,0,0,AT,Age18_24,JANSS,8932664
2021-W02,AT,683584,0,0,0,,0,0,0,0,0,AT,Age18_24,MODBA.1,8932664
2021-W02,AT,683584,0,0,0,,0,0,0,0,1,AT,Age18_24,UNK,8932664
2021-W02,AT,683584,0,0,2258,,9,0,0,0,0,AT,Age18_24,COM,8932664
2021-W02,AT,683584,0,0,1,,0,0,0,0,0,AT,Age18_24,MOD,8932664
2021-W02,AT,683584,0,0,0,,0,0,0,0,0,AT,Age18_24,COMBA.4-5,8932664
2021-W02,AT,683584,0,0,0,,0,0,0,0,0,AT,Age18_24,COMBA.1,8932664
2021-W02,AT,683584,0,0,0,,0,0,0,0,0,AT,Age18_24,NVXD,8932664
2021-W02,AT,683584,0,0,0,,0,0,0,0,0,AT,Age18_24,AZ,8932664
2021-W02,AT,3002329,0,0,1,,0,0,0,0,0,AT,Age25_49,COMBA.4-5,8932664
2021-W02,AT,3002329,0,0,0,,0,0,0,0,8,AT,Age25_49,UNK,8932664
2021-W02,AT,3002329,0,0,24211,,99,0,0,0,0,AT,Age25_49,COM,8932664
2021-W02,AT,3002329,0,0,0,,0,0,0,0,0,AT,Age25_49,COMBA.1,8932664
2021-W02,AT,3002329,0,0,10,,0,0,0,0,0,AT,Age25_49,MOD,8932664
2021-W02,AT,3002329,0,0,0,,0,0,0,0,0,AT,Age25_49,NVXD,8932664
2021-W02,AT,3002329,0,0,0,,0,0,0,0,0,AT,Age25_49,MODBA.1,8932664
2021-W02,AT,3002329,0,0,0,,0,0,0,0,0,AT,Age25_49,JANSS,8932664
2021-W02,AT,3002329,0,0,0,,0,0,0,0,0,AT,Age25_49,AZ,8932664
2021-W02,AT,3002329,0,0,0,,0,0,0,0,0,AT,Age25_49,VLA,8932664
2021-W02,AT,3002329,0,0,0,,0,0,0,0,0,AT,Age25_49,SGSK,8932664
2021-W02,AT,1399348,0,0,17888,,111,0,0,0,0,AT,Age50_59,COM,8932664
2021-W02,AT,1399348,0,0,0,,0,0,0,0,0,AT,Age50_59,SGSK,8932664
2021-W02,AT,1399348,0,0,0,,0,0,0,0,0,AT,Age50_59,COMBA.4-5,8932664
2021-W02,AT,1399348,0,0,0,,0,0,0,0,0,AT,Age50_59,AZ,8932664
2021-W02,AT,1399348,0,0,9,,0,0,0,0,0,AT,Age50_59,MOD,8932664
2021-W02,AT,1399348,0,0,0,,0,0,0,0,0,AT,Age50_59,NVXD,8932664
2021-W02,AT,1399348,0,0,0,,0,0,0,0,0,AT,Age50_59,MODBA.1,8932664
2021-W02,AT,1399348,0,0,1,,0,0,0,0,0,AT,Age50_59,COMBA.1,8932664
2021-W02,AT,1399348,0,0,0,,0,0,0,0,0,AT,Age50_59,VLA,8932664
2021-W02,AT,1399348,0,0,0,,0,0,0,0,3,AT,Age50_59,UNK,8932664
2021-W02,AT,1399348,0,0,0,,0,0,0,0,0,AT,Age50_59,JANSS,8932664
2021-W02,AT,428300,0,0,0,,0,0,0,0,0,AT,Age5_9,UNK,8932664
2021-W02,AT,428300,0,0,0,,0,0,0,0,0,AT,Age5_9,MODBA.1,8932664
2021-W02,AT,428300,0,0,0,,0,0,0,0,0,AT,Age5_9,MOD,8932664
2021-W02,AT,428300,0,0,0,,0,0,0,0,0,AT,Age5_9,JANSS,8932664
2021-W02,AT,428300,0,0,0,,0,0,0,0,0,AT,Age5_9,NVXD,8932664
2021-W02,AT,428300,0,0,0,,0,0,0,0,0,AT,Age5_9,COMBA.1,8932664
2021-W02,AT,428300,0,0,0,,0,0,0,0,0,AT,Age5_9,COMBA.4-5,8932664
2021-W02,AT,428300,0,0,0,,0,0,0,0,0,AT,Age5_9,VLA,8932664
2021-W02,AT,428300,0,0,0,,0,0,0,0,0,AT,Age5_9,AZ,8932664
2021-W02,AT,428300,0,0,0,,0,0,0,0,0,AT,Age5_9,SGSK,8932664
2021-W02,AT,428300,0,0,3,,0,0,0,0,0,AT,Age5_9,COM,8932664
2021-W02,AT,1047888,0,0,0,,0,0,0,0,0,AT,Age60_69,VLA,8932664
2021-W02,AT,1047888,0,0,0,,0,0,0,0,0,AT,Age60_69,COMBA.1,8932664
2021-W02,AT,1047888,0,0,0,,0,0,0,0,0,AT,Age60_69,JANSS,8932664
2021-W02,AT,1047888,0,0,9983,,50,0,0,0,0,AT,Age60_69,COM,8932664
2021-W02,AT,1047888,0,0,9,,0,0,0,0,0,AT,Age60_69,MOD,8932664
2021-W02,AT,1047888,0,0,0,,0,0,0,0,4,AT,Age60_69,UNK,8932664
2021-W02,AT,1047888,0,0,0,,0,0,0,0,0,AT,Age60_69,COMBA.4-5,8932664
2021-W02,AT,1047888,0,0,0,,0,0,0,0,0,AT,Age60_69,AZ,8932664
2021-W02,AT,1047888,0,0,0,,0,0,0,0,0,AT,Age60_69,NVXD,8932664
2021-W02,AT,1047888,0,0,0,,0,0,0,0,0,AT,Age60_69,MODBA.1,8932664
2021-W02,AT,1047888,0,0,0,,0,0,0,0,0,AT,Age60_69,SGSK,8932664
2021-W02,AT,753524,0,0,1,,0,0,0,0,0,AT,Age70_79,COMBA.1,8932664
2021-W02,AT,753524,0,0,0,,0,0,0,0,0,AT,Age70_79,JANSS,8932664
2021-W02,AT,753524,0,0,7927,,49,0,0,0,0,AT,Age70_79,COM,8932664
2021-W02,AT,753524,0,0,0,,0,0,0,0,0,AT,Age70_79,SGSK,8932664
2021-W02,AT,753524,0,0,0,,0,0,0,0,4,AT,Age70_79,UNK,8932664
2021-W02,AT,753524,0,0,0,,0,0,0,0,0,AT,Age70_79,AZ,8932664
2021-W02,AT,753524,0,0,0,,0,0,0,0,0,AT,Age70_79,COMBA.4-5,8932664
2021-W02,AT,753524,0,0,0,,0,0,0,0,0,AT,Age70_79,MODBA.1,8932664
2021-W02,AT,753524,0,0,0,,0,0,0,0,0,AT,Age70_79,NVXD,8932664
2021-W02,AT,753524,0,0,8,,0,0,0,0,0,AT,Age70_79,MOD,8932664
2021-W02,AT,753524,0,0,0,,0,0,0,0,0,AT,Age70_79,VLA,8932664
2021-W02,AT,502105,0,0,0,,0,0,0,0,0,AT,Age80+,COMBA.4-5,8932664
2021-W02,AT,502105,0,0,0,,0,0,0,0,0,AT,Age80+,VLA,8932664
2021-W02,AT,502105,0,0,0,,0,0,0,0,0,AT,Age80+,NVXD,8932664
2021-W02,AT,502105,0,0,0,,0,0,0,0,10,AT,Age80+,UNK,8932664
2021-W02,AT,502105,0,0,69,,0,0,0,0,0,AT,Age80+,MOD,8932664
2021-W02,AT,502105,0,0,0,,0,0,0,0,0,AT,Age80+,COMBA.1,8932664
2021-W02,AT,502105,0,0,0,,0,0,0,0,0,AT,Age80+,JANSS,8932664
2021-W02,AT,502105,0,0,22981,,88,0,0,0,0,AT,Age80+,COM,8932664
2021-W02,AT,502105,0,0,0,,0,0,0,0,0,AT,Age80+,SGSK,8932664
2021-W02,AT,502105,0,0,0,,0,0,0,0,0,AT,Age80+,MODBA.1,8932664
2021-W02,AT,502105,0,0,0,,0,0,0,0,0,AT,Age80+,AZ,8932664
2021-W02,AT,1543886,0,0,0,,0,0,0,0,0,AT,Age<18,SGSK,8932664
2021-W02,AT,1543886,0,0,0,,0,0,0,0,0,AT,Age<18,COMBA.4-5,8932664
2021-W02,AT,1543886,0,0,0,,0,0,0,0,0,AT,Age<18,NVXD,8932664
2021-W02,AT,1543886,0,0,0,,0,0,0,0,0,AT,Age<18,VLA,8932664
2021-W02,AT,1543886,0,0,0,,0,0,0,0,0,AT,Age<18,UNK,8932664
2021-W02,AT,1543886,0,0,0,,0,0,0,0,0,AT,Age<18,MOD,8932664
2021-W02,AT,1543886,0,0,0,,0,0,0,0,0,AT,Age<18,AZ,8932664
2021-W02,AT,1543886,0,0,0,,0,0,0,0,0,AT,Age<18,JANSS,8932664
2021-W02,AT,1543886,0,0,0,,0,0,0,0,0,AT,Age<18,COMBA.1,8932664
2021-W02,AT,1543886,0,0,0,,0,0,0,0,0,AT,Age<18,MODBA.1,8932664
2021-W02,AT,1543886,0,0,78,,1,0,0,0,0,AT,Age<18,COM,8932664
2021-W03,AT,7388778,0,0,0,,0,0,0,0,0,AT,ALL,AZ,8932664
2021-W03,AT,7388778,0,0,0,,0,0,0,0,0,AT,ALL,VLA,8932664
2021-W03,AT,7388778,0,0,0,,0,0,0,0,0,AT,ALL,SGSK,8932664
2021-W03,AT,7388778,0,0,0,,0,0,0,0,0,AT,ALL,NVXD,8932664
2021-W03,AT,7388778,0,0,1,,0,0,0,0,0,AT,ALL,COMBA.4-5,8932664
2021-W03,AT,7388778,0,0,0,,0,0,0,0,0,AT,ALL,JANSS,8932664
2021-W03,AT,7388778,58500,0,93421,,4660,0,0,0,0,AT,ALL,COM,8932664
2021-W03,AT,7388778,0,0,4,,1,0,0,0,0,AT,ALL,COMBA.1,8932664
2021-W03,AT,7388778,0,0,0,,0,0,0,0,139,AT,ALL,UNK,8932664
2021-W03,AT,7388778,0,0,255,,0,0,0,0,0,AT,ALL,MOD,8932664
2021-W03,AT,7388778,0,0,0,,0,0,0,0,0,AT,ALL,MODBA.1,8932664
2021-W03,AT,433755,0,0,0,,0,0,0,0,0,AT,Age0_4,MODBA.1,8932664
2021-W03,AT,433755,0,0,0,,0,0,0,0,0,AT,Age0_4,SGSK,8932664
2021-W03,AT,433755,0,0,0,,0,0,0,0,0,AT,Age0_4,COMBA.4-5,8932664
2021-W03,AT,433755,0,0,0,,0,0,0,0,0,AT,Age0_4,VLA,8932664
2021-W03,AT,433755,0,0,0,,0,0,0,0,0,AT,Age0_4,JANSS,8932664
2021-W03,AT,433755,0,0,0,,0,0,0,0,0,AT,Age0_4,UNK,8932664
2021-W03,AT,433755,0,0,0,,0,0,0,0,0,AT,Age0_4,AZ,8932664
2021-W03,AT,433755,0,0,0,,0,0,0,0,0,AT,Age0_4,NVXD,8932664
2021-W03,AT,433755,0,0,0,,0,0,0,0,0,AT,Age0_4,COMBA.1,8932664
2021-W03,AT,433755,0,0,0,,0,0,0,0,0,AT,Age0_4,MOD,8932664
2021-W03,AT,433755,0,0,0,,1,0,0,0,0,AT,Age0_4,COM,8932664
2021-W03,AT,423433,0,0,0,,0,0,0,0,0,AT,Age10_14,UNK,8932664
2021-W03,AT,423433,0,0,0,,0,0,0,0,0,AT,Age10_14,JANSS,8932664
2021-W03,AT,423433,0,0,0,,0,0,0,0,0,AT,Age10_14,AZ,8932664
2021-W03,AT,423433,0,0,2,,0,0,0,0,0,AT,Age10_14,COM,8932664
2021-W03,AT,423433,0,0,0,,0,0,0,0,0,AT,Age10_14,SGSK,8932664
2021-W03,AT,423433,0,0,0,,0,0,0,0,0,AT,Age10_14,VLA,8932664
2021-W03,AT,423433,0,0,0,,0,0,0,0,0,AT,Age10_14,MOD,8932664
2021-W03,AT,423433,0,0,0,,0,0,0,0,0,AT,Age10_14,MODBA.1,8932664
2021-W03,AT,423433,0,0,0,,0,0,0,0,0,AT,Age10_14,COMBA.4-5,8932664
2021-W03,AT,423433,0,0,0,,0,0,0,0,0,AT,Age10_14,COMBA.1,8932664
2021-W03,AT,423433,0,0,0,,0,0,0,0,0,AT,Age10_14,NVXD,8932664
2021-W03,AT,258398,0,0,0,,0,0,0,0,0,AT,Age15_17,MODBA.1,8932664
2021-W03,AT,258398,0,0,0,,0,0,0,0,0,AT,Age15_17,AZ,8932664
2021-W03,AT,258398,0,0,0,,0,0,0,0,0,AT,Age15_17,COMBA.4-5,8932664
2021-W03,AT,258398,0,0,0,,0,0,0,0,0,AT,Age15_17,NVXD,8932664
2021-W03,AT,258398,0,0,34,,3,0,0,0,0,AT,Age15_17,COM,8932664
2021-W03,AT,258398,0,0,0,,0,0,0,0,0,AT,Age15_17,SGSK,8932664
2021-W03,AT,258398,0,0,0,,0,0,0,0,0,AT,Age15_17,UNK,8932664
2021-W03,AT,258398,0,0,0,,0,0,0,0,0,AT,Age15_17,MOD,8932664
2021-W03,AT,258398,0,0,0,,0,0,0,0,0,AT,Age15_17,VLA,8932664
2021-W03,AT,258398,0,0,0,,0,0,0,0,0,AT,Age15_17,JANSS,8932664
2021-W03,AT,258398,0,0,0,,0,0,0,0,0,AT,Age15_17,COMBA.1,8932664
2021-W03,AT,683584,0,0,0,,0,0,0,0,1,AT,Age18_24,UNK,8932664
2021-W03,AT,683584,0,0,2960,,79,0,0,0,0,AT,Age18_24,COM,8932664
2021-W03,AT,683584,0,0,0,,0,0,0,0,0,AT,Age18_24,AZ,8932664
2021-W03,AT,683584,0,0,0,,0,0,0,0,0,AT,Age18_24,MODBA.1,8932664
2021-W03,AT,683584,0,0,0,,0,0,0,0,0,AT,Age18_24,JANSS,8932664
2021-W03,AT,683584,0,0,0,,0,0,0,0,0,AT,Age18_24,VLA,8932664
2021-W03,AT,683584,0,0,22,,0,0,0,0,0,AT,Age18_24,MOD,8932664
2021-W03,AT,683584,0,0,0,,0,0,0,0,0,AT,Age18_24,COMBA.4-5,8932664
2021-W03,AT,683584,0,0,0,,0,0,0,0,0,AT,Age18_24,COMBA.1,8932664
2021-W03,AT,683584,0,0,0,,0,0,0,0,0,AT,Age18_24,SGSK,8932664
2021-W03,AT,683584,0,0,0,,0,0,0,0,0,AT,Age18_24,NVXD,8932664
2021-W03,AT,3002329,0,0,0,,0,0,0,0,0,AT,Age25_49,MODBA.1,8932664
2021-W03,AT,3002329,0,0,0,,0,0,0,0,0,AT,Age25_49,COMBA.4-5,8932664
2021-W03,AT,3002329,0,0,0,,0,0,0,0,0,AT,Age25_49,JANSS,8932664
2021-W03,AT,3002329,0,0,0,,0,0,0,0,0,AT,Age25_49,NVXD,8932664
2021-W03,AT,3002329,0,0,0,,0,0,0,0,0,AT,Age25_49,AZ,8932664
2021-W03,AT,3002329,0,0,1,,1,0,0,0,0,AT,Age25_49,COMBA.1,8932664
2021-W03,AT,3002329,0,0,0,,0,0,0,0,14,AT,Age25_49,UNK,8932664
2021-W03,AT,3002329,0,0,29660,,1197,0,0,0,0,AT,Age25_49,COM,8932664
2021-W03,AT,3002329,0,0,0,,0,0,0,0,0,AT,Age25_49,VLA,8932664
2021-W03,AT,3002329,0,0,129,,0,0,0,0,0,AT,Age25_49,MOD,8932664
2021-W03,AT,3002329,0,0,0,,0,0,0,0,0,AT,Age25_49,SGSK,8932664
2021-W03,AT,1399348,0,0,0,,0,0,0,0,0,AT,Age50_59,JANSS,8932664
2021-W03,AT,1399348,0,0,0,,0,0,0,0,0,AT,Age50_59,NVXD,8932664
2021-W03,AT,1399348,0,0,0,,0,0,0,0,9,AT,Age50_59,UNK,8932664
2021-W03,AT,1399348,0,0,0,,0,0,0,0,0,AT,Age50_59,VLA,8932664
2021-W03,AT,1399348,0,0,0,,0,0,0,0,0,AT,Age50_59,MODBA.1,8932664
2021-W03,AT,1399348,0,0,0,,0,0,0,0,0,AT,Age50_59,SGSK,8932664
2021-W03,AT,1399348,0,0,62,,0,0,0,0,0,AT,Age50_59,MOD,8932664
2021-W03,AT,1399348,0,0,1,,0,0,0,0,0,AT,Age50_59,COMBA.1,8932664
2021-W03,AT,1399348,0,0,18714,,914,0,0,0,0,AT,Age50_59,COM,8932664
2021-W03,AT,1399348,0,0,0,,0,0,0,0,0,AT,Age50_59,COMBA.4-5,8932664
2021-W03,AT,1399348,0,0,0,,0,0,0,0,0,AT,Age50_59,AZ,8932664
2021-W03,AT,428300,0,0,0,,0,0,0,0,0,AT,Age5_9,NVXD,8932664
2021-W03,AT,428300,0,0,0,,0,0,0,0,0,AT,Age5_9,MODBA.1,8932664
2021-W03,AT,428300,0,0,0,,0,0,0,0,0,AT,Age5_9,MOD,8932664
2021-W03,AT,428300,0,0,0,,0,0,0,0,0,AT,Age5_9,SGSK,8932664
2021-W03,AT,428300,0,0,0,,0,0,0,0,0,AT,Age5_9,AZ,8932664
2021-W03,AT,428300,0,0,1,,0,0,0,0,0,AT,Age5_9,COM,8932664
2021-W03,AT,428300,0,0,0,,0,0,0,0,0,AT,Age5_9,JANSS,8932664
2021-W03,AT,428300,0,0,0,,0,0,0,0,0,AT,Age5_9,VLA,8932664
2021-W03,AT,428300,0,0,0,,0,0,0,0,0,AT,Age5_9,UNK,8932664
2021-W03,AT,428300,0,0,0,,0,0,0,0,0,AT,Age5_9,COMBA.1,8932664
2021-W03,AT,428300,0,0,0,,0,0,0,0,0,AT,Age5_9,COMBA.4-5,8932664
2021-W03,AT,1047888,0,0,0,,0,0,0,0,0,AT,Age60_69,SGSK,8932664
2021-W03,AT,1047888,0,0,0,,0,0,0,0,0,AT,Age60_69,COMBA.1,8932664
2021-W03,AT,1047888,0,0,8323,,529,0,0,0,0,AT,Age60_69,COM,8932664
2021-W03,AT,1047888,0,0,0,,0,0,0,0,0,AT,Age60_69,JANSS,8932664
2021-W03,AT,1047888,0,0,0,,0,0,0,0,0,AT,Age60_69,AZ,8932664
2021-W03,AT,1047888,0,0,0,,0,0,0,0,0,AT,Age60_69,COMBA.4-5,8932664
2021-W03,AT,1047888,0,0,0,,0,0,0,0,0,AT,Age60_69,VLA,8932664
2021-W03,AT,1047888,0,0,0,,0,0,0,0,54,AT,Age60_69,UNK,8932664
2021-W03,AT,1047888,0,0,15,,0,0,0,0,0,AT,Age60_69,MOD,8932664
2021-W03,AT,1047888,0,0,0,,0,0,0,0,0,AT,Age60_69,NVXD,8932664
2021-W03,AT,1047888,0,0,0,,0,0,0,0,0,AT,Age60_69,MODBA.1,8932664
2021-W03,AT,753524,0,0,0,,0,0,0,0,0,AT,Age70_79,VLA,8932664
2021-W03,AT,753524,0,0,0,,0,0,0,0,53,AT,Age70_79,UNK,8932664
2021-W03,AT,753524,0,0,0,,0,0,0,0,0,AT,Age70_79,JANSS,8932664
2021-W03,AT,753524,0,0,0,,0,0,0,0,0,AT,Age70_79,AZ,8932664
2021-W03,AT,753524,0,0,0,,0,0,0,0,0,AT,Age70_79,NVXD,8932664
2021-W03,AT,753524,0,0,13,,0,0,0,0,0,AT,Age70_79,MOD,8932664
2021-W03,AT,753524,0,0,0,,0,0,0,0,0,AT,Age70_79,COMBA.4-5,8932664
2021-W03,AT,753524,0,0,0,,0,0,0,0,0,AT,Age70_79,COMBA.1,8932664
2021-W03,AT,753524,0,0,0,,0,0,0,0,0,AT,Age70_79,SGSK,8932664
2021-W03,AT,753524,0,0,6672,,479,0,0,0,0,AT,Age70_79,COM,8932664
2021-W03,AT,753524,0,0,0,,0,0,0,0,0,AT,Age70_79,MODBA.1,8932664
2021-W03,AT,502105,0,0,2,,0,0,0,0,0,AT,Age80+,COMBA.1,8932664
2021-W03,AT,502105,0,0,27092,,1462,0,0,0,0,AT,Age80+,COM,8932664
2021-W03,AT,502105,0,0,0,,0,0,0,0,8,AT,Age80+,UNK,8932664
2021-W03,AT,502105,0,0,14,,0,0,0,0,0,AT,Age80+,MOD,8932664
2021-W03,AT,502105,0,0,0,,0,0,0,0,0,AT,Age80+,MODBA.1,8932664
2021-W03,AT,502105,0,0,0,,0,0,0,0,0,AT,Age80+,VLA,8932664
2021-W03,AT,502105,0,0,0,,0,0,0,0,0,AT,Age80+,JANSS,8932664
2021-W03,AT,502105,0,0,1,,0,0,0,0,0,AT,Age80+,COMBA.4-5,8932664
2021-W03,AT,502105,0,0,0,,0,0,0,0,0,AT,Age80+,AZ,8932664
2021-W03,AT,502105,0,0,0,,0,0,0,0,0,AT,Age80+,SGSK,8932664
2021-W03,AT,502105,0,0,0,,0,0,0,0,0,AT,Age80+,NVXD,8932664
2021-W03,AT,1543886,0,0,0,,0,0,0,0,0,AT,Age<18,UNK,8932664
2021-W03,AT,1543886,0,0,0,,0,0,0,0,0,AT,Age<18,MODBA.1,8932664
2021-W03,AT,1543886,0,0,0,,0,0,0,0,0,AT,Age<18,MOD,8932664
2021-W03,AT,1543886,0,0,37,,4,0,0,0,0,AT,Age<18,COM,8932664
2021-W03,AT,1543886,0,0,0,,0,0,0,0,0,AT,Age<18,VLA,8932664
2021-W03,AT,1543886,0,0,0,,0,0,0,0,0,AT,Age<18,NVXD,8932664
2021-W03,AT,1543886,0,0,0,,0,0,0,0,0,AT,Age<18,SGSK,8932664
2021-W03,AT,1543886,0,0,0,,0,0,0,0,0,AT,Age<18,COMBA.1,8932664
2021-W03,AT,1543886,0,0,0,,0,0,0,0,0,AT,Age<18,COMBA.4-5,8932664
2021-W03,AT,1543886,0,0,0,,0,0,0,0,0,AT,Age<18,AZ,8932664
2021-W03,AT,1543886,0,0,0,,0,0,0,0,0,AT,Age<18,JANSS,8932664
2021-W04,AT,7388778,0,0,4015,,0,0,0,0,0,AT,ALL,MOD,8932664
2021-W04,AT,7388778,54990,0,27693,,17626,2,0,0,0,AT,ALL,COM,8932664
2021-W04,AT,7388778,0,0,0,,0,0,0,0,0,AT,ALL,MODBA.1,8932664
2021-W04,AT,7388778,0,0,0,,0,0,0,0,0,AT,ALL,JANSS,8932664
2021-W04,AT,7388778,0,0,0,,0,0,0,0,0,AT,ALL,VLA,8932664
2021-W04,AT,7388778,0,0,0,,0,0,0,0,0,AT,ALL,NVXD,8932664
2021-W04,AT,7388778,0,0,0,,0,0,0,0,143,AT,ALL,UNK,8932664
2021-W04,AT,7388778,0,0,0,,0,0,0,0,0,AT,ALL,AZ,8932664
2021-W04,AT,7388778,0,0,0,,0,0,0,0,0,AT,ALL,COMBA.4-5,8932664
2021-W04,AT,7388778,0,0,1,,3,0,0,0,0,AT,ALL,COMBA.1,8932664
2021-W04,AT,7388778,0,0,0,,0,0,0,0,0,AT,ALL,SGSK,8932664
2021-W04,AT,433755,0,0,0,,0,0,0,0,0,AT,Age0_4,AZ,8932664
2021-W04,AT,433755,0,0,1,,0,0,0,0,0,AT,Age0_4,COM,8932664
2021-W04,AT,433755,0,0,0,,0,0,0,0,0,AT,Age0_4,COMBA.1,8932664
2021-W04,AT,433755,0,0,0,,0,0,0,0,0,AT,Age0_4,SGSK,8932664
2021-W04,AT,433755,0,0,0,,0,0,0,0,0,AT,Age0_4,VLA,8932664
2021-W04,AT,433755,0,0,0,,0,0,0,0,0,AT,Age0_4,MOD,8932664
2021-W04,AT,433755,0,0,0,,0,0,0,0,0,AT,Age0_4,NVXD,8932664
2021-W04,AT,433755,0,0,0,,0,0,0,0,0,AT,Age0_4,UNK,8932664
2021-W04,AT,433755,0,0,0,,0,0,0,0,0,AT,Age0_4,JANSS,8932664
2021-W04,AT,433755,0,0,0,,0,0,0,0,0,AT,Age0_4,COMBA.4-5,8932664
2021-W04,AT,433755,0,0,0,,0,0,0,0,0,AT,Age0_4,MODBA.1,8932664
2021-W04,AT,423433,0,0,0,,0,0,0,0,0,AT,Age10_14,SGSK,8932664
2021-W04,AT,423433,0,0,0,,0,0,0,0,0,AT,Age10_14,NVXD,8932664
2021-W04,AT,423433,0,0,0,,0,0,0,0,0,AT,Age10_14,JANSS,8932664
2021-W04,AT,423433,0,0,0,,0,0,0,0,0,AT,Age10_14,AZ,8932664
2021-W04,AT,423433,0,0,0,,0,0,0,0,0,AT,Age10_14,COMBA.1,8932664
2021-W04,AT,423433,0,0,1,,0,0,0,0,0,AT,Age10_14,COM,8932664
2021-W04,AT,423433,0,0,0,,0,0,0,0,0,AT,Age10_14,COMBA.4-5,8932664
2021-W04,AT,423433,0,0,0,,0,0,0,0,0,AT,Age10_14,VLA,8932664
2021-W04,AT,423433,0,0,0,,0,0,0,0,0,AT,Age10_14,MODBA.1,8932664
2021-W04,AT,423433,0,0,1,,0,0,0,0,0,AT,Age10_14,MOD,8932664
2021-W04,AT,423433,0,0,0,,0,0,0,0,0,AT,Age10_14,UNK,8932664
2021-W04,AT,258398,0,0,0,,0,0,0,0,0,AT,Age15_17,SGSK,8932664
2021-W04,AT,258398,0,0,0,,0,0,0,0,0,AT,Age15_17,NVXD,8932664
2021-W04,AT,258398,0,0,0,,0,0,0,0,0,AT,Age15_17,MOD,8932664
2021-W04,AT,258398,0,0,0,,0,0,0,0,0,AT,Age15_17,AZ,8932664
2021-W04,AT,258398,0,0,0,,0,0,0,0,0,AT,Age15_17,VLA,8932664
2021-W04,AT,258398,0,0,0,,0,0,0,0,0,AT,Age15_17,MODBA.1,8932664
2021-W04,AT,258398,0,0,0,,0,0,0,0,0,AT,Age15_17,JANSS,8932664
2021-W04,AT,258398,0,0,6,,22,0,0,0,0,AT,Age15_17,COM,8932664
2021-W04,AT,258398,0,0,0,,0,0,0,0,0,AT,Age15_17,UNK,8932664
2021-W04,AT,258398,0,0,0,,0,0,0,0,0,AT,Age15_17,COMBA.1,8932664
2021-W04,AT,258398,0,0,0,,0,0,0,0,0,AT,Age15_17,COMBA.4-5,8932664
2021-W04,AT,683584,0,0,0,,0,0,0,0,0,AT,Age18_24,COMBA.1,8932664
2021-W04,AT,683584,0,0,0,,0,0,0,0,0,AT,Age18_24,SGSK,8932664
2021-W04,AT,683584,0,0,0,,0,0,0,0,0,AT,Age18_24,VLA,8932664
2021-W04,AT,683584,0,0,1093,,594,0,0,0,0,AT,Age18_24,COM,8932664
2021-W04,AT,683584,0,0,85,,0,0,0,0,0,AT,Age18_24,MOD,8932664
2021-W04,AT,683584,0,0,0,,0,0,0,0,1,AT,Age18_24,UNK,8932664
2021-W04,AT,683584,0,0,0,,0,0,0,0,0,AT,Age18_24,MODBA.1,8932664
2021-W04,AT,683584,0,0,0,,0,0,0,0,0,AT,Age18_24,AZ,8932664
2021-W04,AT,683584,0,0,0,,0,0,0,0,0,AT,Age18_24,JANSS,8932664
2021-W04,AT,683584,0,0,0,,0,0,0,0,0,AT,Age18_24,COMBA.4-5,8932664
2021-W04,AT,683584,0,0,0,,0,0,0,0,0,AT,Age18_24,NVXD,8932664
2021-W04,AT,3002329,0,0,0,,0,0,0,0,0,AT,Age25_49,NVXD,8932664
2021-W04,AT,3002329,0,0,1596,,0,0,0,0,0,AT,Age25_49,MOD,8932664
2021-W04,AT,3002329,0,0,1,,3,0,0,0,0,AT,Age25_49,COMBA.1,8932664
2021-W04,AT,3002329,0,0,0,,0,0,0,0,0,AT,Age25_49,MODBA.1,8932664
2021-W04,AT,3002329,0,0,0,,0,0,0,0,0,AT,Age25_49,AZ,8932664
2021-W04,AT,3002329,0,0,7658,,6168,1,0,0,0,AT,Age25_49,COM,8932664
2021-W04,AT,3002329,0,0,0,,0,0,0,0,0,AT,Age25_49,COMBA.4-5,8932664
2021-W04,AT,3002329,0,0,0,,0,0,0,0,0,AT,Age25_49,JANSS,8932664
2021-W04,AT,3002329,0,0,0,,0,0,0,0,17,AT,Age25_49,UNK,8932664
2021-W04,AT,3002329,0,0,0,,0,0,0,0,0,AT,Age25_49,SGSK,8932664
2021-W04,AT,3002329,0,0,0,,0,0,0,0,0,AT,Age25_49,VLA,8932664
2021-W04,AT,1399348,0,0,0,,0,0,0,0,0,AT,Age50_59,AZ,8932664
2021-W04,AT,1399348,0,0,0,,0,0,0,0,0,AT,Age50_59,NVXD,8932664
2021-W04,AT,1399348,0,0,0,,0,0,0,0,11,AT,Age50_59,UNK,8932664
2021-W04,AT,1399348,0,0,4609,,4164,0,0,0,0,AT,Age50_59,COM,8932664
2021-W04,AT,1399348,0,0,0,,0,0,0,0,0,AT,Age50_59,JANSS,8932664
2021-W04,AT,1399348,0,0,0,,0,0,0,0,0,AT,Age50_59,COMBA.1,8932664
2021-W04,AT,1399348,0,0,0,,0,0,0,0,0,AT,Age50_59,MODBA.1,8932664
2021-W04,AT,1399348,0,0,0,,0,0,0,0,0,AT,Age50_59,COMBA.4-5,8932664
2021-W04,AT,1399348,0,0,959,,0,0,0,0,0,AT,Age50_59,MOD,8932664
2021-W04,AT,1399348,0,0,0,,0,0,0,0,0,AT,Age50_59,VLA,8932664
2021-W04,AT,1399348,0,0,0,,0,0,0,0,0,AT,Age50_59,SGSK,8932664
2021-W04,AT,428300,0,0,0,,0,0,0,0,0,AT,Age5_9,COMBA.4-5,8932664
2021-W04,AT,428300,0,0,0,,0,0,0,0,0,AT,Age5_9,NVXD,8932664
2021-W04,AT,428300,0,0,0,,0,0,0,0,0,AT,Age5_9,AZ,8932664
2021-W04,AT,428300,0,0,0,,0,0,0,0,0,AT,Age5_9,MOD,8932664
2021-W04,AT,428300,0,0,0,,0,0,0,0,0,AT,Age5_9,JANSS,8932664
2021-W04,AT,428300,0,0,0,,0,0,0,0,0,AT,Age5_9,UNK,8932664
2021-W04,AT,428300,0,0,0,,0,0,0,0,0,AT,Age5_9,COMBA.1,8932664
2021-W04,AT,428300,0,0,0,,0,0,0,0,0,AT,Age5_9,VLA,8932664
2021-W04,AT,428300,0,0,0,,0,0,0,0,0,AT,Age5_9,COM,8932664
2021-W04,AT,428300,0,0,0,,0,0,0,0,0,AT,Age5_9,MODBA.1,8932664
2021-W04,AT,428300,0,0,0,,0,0,0,0,0,AT,Age5_9,SGSK,8932664
2021-W04,AT,1047888,0,0,0,,0,0,0,0,0,AT,Age60_69,NVXD,8932664
2021-W04,AT,1047888,0,0,0,,0,0,0,0,0,AT,Age60_69,JANSS,8932664
2021-W04,AT,1047888,0,0,0,,0,0,0,0,0,AT,Age60_69,MODBA.1,8932664
2021-W04,AT,1047888,0,0,0,,0,0,0,0,0,AT,Age60_69,COMBA.4-5,8932664
2021-W04,AT,1047888,0,0,1991,,2003,1,0,0,0,AT,Age60_69,COM,8932664
2021-W04,AT,1047888,0,0,0,,0,0,0,0,0,AT,Age60_69,SGSK,8932664
2021-W04,AT,1047888,0,0,0,,0,0,0,0,0,AT,Age60_69,AZ,8932664
2021-W04,AT,1047888,0,0,0,,0,0,0,0,35,AT,Age60_69,UNK,8932664
2021-W04,AT,1047888,0,0,750,,0,0,0,0,0,AT,Age60_69,MOD,8932664
2021-W04,AT,1047888,0,0,0,,0,0,0,0,0,AT,Age60_69,VLA,8932664
2021-W04,AT,1047888,0,0,0,,0,0,0,0,0,AT,Age60_69,COMBA.1,8932664
2021-W04,AT,753524,0,0,0,,0,0,0,0,0,AT,Age70_79,MODBA.1,8932664
2021-W04,AT,753524,0,0,0,,0,0,0,0,0,AT,Age70_79,COMBA.4-5,8932664
2021-W04,AT,753524,0,0,171,,0,0,0,0,0,AT,Age70_79,MOD,8932664
2021-W04,AT,753524,0,0,0,,0,0,0,0,0,AT,Age70_79,SGSK,8932664
2021-W04,AT,753524,0,0,0,,0,0,0,0,69,AT,Age70_79,UNK,8932664
2021-W04,AT,753524,0,0,0,,0,0,0,0,0,AT,Age70_79,JANSS,8932664
2021-W04,AT,753524,0,0,0,,0,0,0,0,0,AT,Age70_79,VLA,8932664
2021-W04,AT,753524,0,0,0,,0,0,0,0,0,AT,Age70_79,NVXD,8932664
2021-W04,AT,753524,0,0,1475,,1255,0,0,0,0,AT,Age70_79,COM,8932664
2021-W04,AT,753524,0,0,0,,0,0,0,0,0,AT,Age70_79,COMBA.1,8932664
2021-W04,AT,753524,0,0,0,,0,0,0,0,0,AT,Age70_79,AZ,8932664
2021-W04,AT,502105,0,0,0,,0,0,0,0,0,AT,Age80+,VLA,8932664
2021-W04,AT,502105,0,0,0,,0,0,0,0,10,AT,Age80+,UNK,8932664
2021-W04,AT,502105,0,0,0,,0,0,0,0,0,AT,Age80+,SGSK,8932664
2021-W04,AT,502105,0,0,0,,0,0,0,0,0,AT,Age80+,JANSS,8932664
2021-W04,AT,502105,0,0,0,,0,0,0,0,0,AT,Age80+,NVXD,8932664
2021-W04,AT,502105,0,0,454,,0,0,0,0,0,AT,Age80+,MOD,8932664
2021-W04,AT,502105,0,0,0,,0,0,0,0,0,AT,Age80+,MODBA.1,8932664
2021-W04,AT,502105,0,0,0,,0,0,0,0,0,AT,Age80+,COMBA.4-5,8932664
2021-W04,AT,502105,0,0,0,,0,0,0,0,0,AT,Age80+,COMBA.1,8932664
2021-W04,AT,502105,0,0,0,,0,0,0,0,0,AT,Age80+,AZ,8932664
2021-W04,AT,502105,0,0,10867,,3442,0,0,0,0,AT,Age80+,COM,8932664
2021-W04,AT,1543886,0,0,0,,0,0,0,0,0,AT,Age<18,AZ,8932664
2021-W04,AT,1543886,0,0,0,,0,0,0,0,0,AT,Age<18,UNK,8932664
2021-W04,AT,1543886,0,0,0,,0,0,0,0,0,AT,Age<18,JANSS,8932664
2021-W04,AT,1543886,0,0,0,,0,0,0,0,0,AT,Age<18,COMBA.1,8932664
2021-W04,AT,1543886,0,0,8,,22,0,0,0,0,AT,Age<18,COM,8932664
2021-W04,AT,1543886,0,0,0,,0,0,0,0,0,AT,Age<18,NVXD,8932664
2021-W04,AT,1543886,0,0,1,,0,0,0,0,0,AT,Age<18,MOD,8932664
2021-W04,AT,1543886,0,0,0,,0,0,0,0,0,AT,Age<18,COMBA.4-5,8932664
2021-W04,AT,1543886,0,0,0,,0,0,0,0,0,AT,Age<18,VLA,8932664
2021-W04,AT,1543886,0,0,0,,0,0,0,0,0,AT,Age<18,SGSK,8932664
2021-W04,AT,1543886,0,0,0,,0,0,0,0,0,AT,Age<18,MODBA.1,8932664
2021-W05,AT,7388778,36000,0,0,,0,0,0,0,0,AT,ALL,AZ,8932664
2021-W05,AT,7388778,28800,0,1737,,5,0,0,0,0,AT,ALL,MOD,8932664
2021-W05,AT,7388778,0,0,0,,0,0,0,0,0,AT,ALL,SGSK,8932664
2021-W05,AT,7388778,66690,0,16954,,79822,16,0,0,0,AT,ALL,COM,8932664
2021-W05,AT,7388778,0,0,0,,0,0,0,0,85,AT,ALL,UNK,8932664
2021-W05,AT,7388778,0,0,0,,0,0,0,0,0,AT,ALL,VLA,8932664
2021-W05,AT,7388778,0,0,2,,1,0,0,0,0,AT,ALL,COMBA.4-5,8932664
2021-W05,AT,7388778,0,0,1,,2,0,0,0,0,AT,ALL,COMBA.1,8932664
2021-W05,AT,7388778,0,0,0,,0,0,0,0,0,AT,ALL,JANSS,8932664
2021-W05,AT,7388778,0,0,0,,0,0,0,0,0,AT,ALL,NVXD,8932664
2021-W05,AT,7388778,0,0,0,,0,0,0,0,0,AT,ALL,MODBA.1,8932664
2021-W05,AT,433755,0,0,0,,0,0,0,0,0,AT,Age0_4,SGSK,8932664
2021-W05,AT,433755,0,0,0,,0,0,0,0,0,AT,Age0_4,COMBA.1,8932664
2021-W05,AT,433755,0,0,0,,0,0,0,0,0,AT,Age0_4,MOD,8932664
2021-W05,AT,433755,0,0,0,,0,0,0,0,0,AT,Age0_4,AZ,8932664
2021-W05,AT,433755,0,0,0,,0,0,0,0,0,AT,Age0_4,VLA,8932664
2021-W05,AT,433755,0,0,0,,0,0,0,0,0,AT,Age0_4,COM,8932664
2021-W05,AT,433755,0,0,0,,0,0,0,0,0,AT,Age0_4,JANSS,8932664
2021-W05,AT,433755,0,0,0,,0,0,0,0,0,AT,Age0_4,MODBA.1,8932664
2021-W05,AT,433755,0,0,0,,0,0,0,0,0,AT,Age0_4,COMBA.4-5,8932664
2021-W05,AT,433755,0,0,0,,0,0,0,0,0,AT,Age0_4,UNK,8932664
2021-W05,AT,433755,0,0,0,,0,0,0,0,0,AT,Age0_4,NVXD,8932664
2021-W05,AT,423433,0,0,0,,0,0,0,0,0,AT,Age10_14,COMBA.1,8932664
2021-W05,AT,423433,0,0,0,,0,0,0,0,0,AT,Age10_14,AZ,8932664
2021-W05,AT,423433,0,0,0,,0,0,0,0,0,AT,Age10_14,VLA,8932664
2021-W05,AT,423433,0,0,0,,0,0,0,0,0,AT,Age10_14,NVXD,8932664
2021-W05,AT,423433,0,0,0,,0,0,0,0,0,AT,Age10_14,SGSK,8932664
2021-W05,AT,423433,0,0,0,,0,0,0,0,0,AT,Age10_14,MOD,8932664
2021-W05,AT,423433,0,0,0,,0,0,0,0,0,AT,Age10_14,MODBA.1,8932664
2021-W05,AT,423433,0,0,0,,0,0,0,0,0,AT,Age10_14,UNK,8932664
2021-W05,AT,423433,0,0,2,,6,0,0,0,0,AT,Age10_14,COM,8932664
2021-W05,AT,423433,0,0,0,,0,0,0,0,0,AT,Age10_14,JANSS,8932664
2021-W05,AT,423433,0,0,0,,0,0,0,0,0,AT,Age10_14,COMBA.4-5,8932664
2021-W05,AT,258398,0,0,0,,0,0,0,0,0,AT,Age15_17,JANSS,8932664
2021-W05,AT,258398,0,0,0,,0,0,0,0,0,AT,Age15_17,NVXD,8932664
2021-W05,AT,258398,0,0,0,,0,0,0,0,0,AT,Age15_17,AZ,8932664
2021-W05,AT,258398,0,0,0,,0,0,0,0,0,AT,Age15_17,COMBA.1,8932664
2021-W05,AT,258398,0,0,0,,0,0,0,0,0,AT,Age15_17,UNK,8932664
2021-W05,AT,258398,0,0,0,,0,0,0,0,0,AT,Age15_17,VLA,8932664
2021-W05,AT,258398,0,0,0,,0,0,0,0,0,AT,Age15_17,MOD,8932664
2021-W05,AT,258398,0,0,0,,0,0,0,0,0,AT,Age15_17,MODBA.1,8932664
2021-W05,AT,258398,0,0,0,,0,0,0,0,0,AT,Age15_17,COMBA.4-5,8932664
2021-W05,AT,258398,0,0,19,,56,0,0,0,0,AT,Age15_17,COM,8932664
2021-W05,AT,258398,0,0,0,,0,0,0,0,0,AT,Age15_17,SGSK,8932664
2021-W05,AT,683584,0,0,0,,0,0,0,0,0,AT,Age18_24,VLA,8932664
2021-W05,AT,683584,0,0,0,,0,0,0,0,0,AT,Age18_24,JANSS,8932664
2021-W05,AT,683584,0,0,815,,2179,1,0,0,0,AT,Age18_24,COM,8932664
2021-W05,AT,683584,0,0,0,,0,0,0,0,0,AT,Age18_24,MODBA.1,8932664
2021-W05,AT,683584,0,0,19,,0,0,0,0,0,AT,Age18_24,MOD,8932664
2021-W05,AT,683584,0,0,0,,0,0,0,0,0,AT,Age18_24,SGSK,8932664
2021-W05,AT,683584,0,0,1,,0,0,0,0,0,AT,Age18_24,COMBA.4-5,8932664
2021-W05,AT,683584,0,0,0,,0,0,0,0,1,AT,Age18_24,UNK,8932664
2021-W05,AT,683584,0,0,0,,0,0,0,0,0,AT,Age18_24,NVXD,8932664
2021-W05,AT,683584,0,0,0,,0,0,0,0,0,AT,Age18_24,COMBA.1,8932664
2021-W05,AT,683584,0,0,0,,0,0,0,0,0,AT,Age18_24,AZ,8932664
2021-W05,AT,3002329,0,0,0,,0,0,0,0,13,AT,Age25_49,UNK,8932664
2021-W05,AT,3002329,0,0,6240,,24932,5,0,0,0,AT,Age25_49,COM,8932664
2021-W05,AT,3002329,0,0,0,,0,0,0,0,0,AT,Age25_49,AZ,8932664
2021-W05,AT,3002329,0,0,245,,2,0,0,0,0,AT,Age25_49,MOD,8932664
2021-W05,AT,3002329,0,0,0,,1,0,0,0,0,AT,Age25_49,COMBA.4-5,8932664
2021-W05,AT,3002329,0,0,0,,0,0,0,0,0,AT,Age25_49,JANSS,8932664
2021-W05,AT,3002329,0,0,0,,0,0,0,0,0,AT,Age25_49,SGSK,8932664
2021-W05,AT,3002329,0,0,1,,0,0,0,0,0,AT,Age25_49,COMBA.1,8932664
2021-W05,AT,3002329,0,0,0,,0,0,0,0,0,AT,Age25_49,VLA,8932664
2021-W05,AT,3002329,0,0,0,,0,0,0,0,0,AT,Age25_49,NVXD,8932664
2021-W05,AT,3002329,0,0,0,,0,0,0,0,0,AT,Age25_49,MODBA.1,8932664
2021-W05,AT,1399348,0,0,0,,0,0,0,0,0,AT,Age50_59,VLA,8932664
2021-W05,AT,1399348,0,0,0,,0,0,0,0,11,AT,Age50_59,UNK,8932664
2021-W05,AT,1399348,0,0,0,,0,0,0,0,0,AT,Age50_59,MODBA.1,8932664
2021-W05,AT,1399348,0,0,0,,1,0,0,0,0,AT,Age50_59,COMBA.1,8932664
2021-W05,AT,1399348,0,0,0,,0,0,0,0,0,AT,Age50_59,SGSK,8932664
2021-W05,AT,1399348,0,0,0,,0,0,0,0,0,AT,Age50_59,NVXD,8932664
2021-W05,AT,1399348,0,0,0,,0,0,0,0,0,AT,Age50_59,AZ,8932664
2021-W05,AT,1399348,0,0,1,,0,0,0,0,0,AT,Age50_59,COMBA.4-5,8932664
2021-W05,AT,1399348,0,0,145,,1,0,0,0,0,AT,Age50_59,MOD,8932664
2021-W05,AT,1399348,0,0,4240,,17466,3,0,0,0,AT,Age50_59,COM,8932664
2021-W05,AT,1399348,0,0,0,,0,0,0,0,0,AT,Age50_59,JANSS,8932664
2021-W05,AT,428300,0,0,0,,0,0,0,0,0,AT,Age5_9,SGSK,8932664
2021-W05,AT,428300,0,0,0,,0,0,0,0,0,AT,Age5_9,VLA,8932664
2021-W05,AT,428300,0,0,0,,0,0,0,0,0,AT,Age5_9,MOD,8932664
2021-W05,AT,428300,0,0,0,,0,0,0,0,0,AT,Age5_9,UNK,8932664
2021-W05,AT,428300,0,0,1,,1,0,0,0,0,AT,Age5_9,COM,8932664
2021-W05,AT,428300,0,0,0,,0,0,0,0,0,AT,Age5_9,JANSS,8932664
2021-W05,AT,428300,0,0,0,,0,0,0,0,0,AT,Age5_9,MODBA.1,8932664
2021-W05,AT,428300,0,0,0,,0,0,0,0,0,AT,Age5_9,NVXD,8932664
2021-W05,AT,428300,0,0,0,,0,0,0,0,0,AT,Age5_9,COMBA.4-5,8932664
2021-W05,AT,428300,0,0,0,,0,0,0,0,0,AT,Age5_9,COMBA.1,8932664
2021-W05,AT,428300,0,0,0,,0,0,0,0,0,AT,Age5_9,AZ,8932664
2021-W05,AT,1047888,0,0,0,,0,0,0,0,17,AT,Age60_69,UNK,8932664
2021-W05,AT,1047888,0,0,0,,0,0,0,0,0,AT,Age60_69,MODBA.1,8932664
2021-W05,AT,1047888,0,0,0,,0,0,0,0,0,AT,Age60_69,JANSS,8932664
2021-W05,AT,1047888,0,0,64,,1,0,0,0,0,AT,Age60_69,MOD,8932664
2021-W05,AT,1047888,0,0,0,,0,0,0,0,0,AT,Age60_69,SGSK,8932664
2021-W05,AT,1047888,0,0,0,,0,0,0,0,0,AT,Age60_69,COMBA.4-5,8932664
2021-W05,AT,1047888,0,0,0,,0,0,0,0,0,AT,Age60_69,COMBA.1,8932664
2021-W05,AT,1047888,0,0,0,,0,0,0,0,0,AT,Age60_69,NVXD,8932664
2021-W05,AT,1047888,0,0,0,,0,0,0,0,0,AT,Age60_69,AZ,8932664
2021-W05,AT,1047888,0,0,1880,,9072,1,0,0,0,AT,Age60_69,COM,8932664
2021-W05,AT,1047888,0,0,0,,0,0,0,0,0,AT,Age60_69,VLA,8932664
2021-W05,AT,753524,0,0,0,,0,0,0,0,0,AT,Age70_79,SGSK,8932664
2021-W05,AT,753524,0,0,0,,0,0,0,0,40,AT,Age70_79,UNK,8932664
2021-W05,AT,753524,0,0,36,,0,0,0,0,0,AT,Age70_79,MOD,8932664
2021-W05,AT,753524,0,0,0,,0,0,0,0,0,AT,Age70_79,COMBA.4-5,8932664
2021-W05,AT,753524,0,0,0,,0,0,0,0,0,AT,Age70_79,AZ,8932664
2021-W05,AT,753524,0,0,0,,0,0,0,0,0,AT,Age70_79,NVXD,8932664
2021-W05,AT,753524,0,0,0,,0,0,0,0,0,AT,Age70_79,MODBA.1,8932664
2021-W05,AT,753524,0,0,1158,,6687,1,0,0,0,AT,Age70_79,COM,8932664
2021-W05,AT,753524,0,0,0,,1,0,0,0,0,AT,Age70_79,COMBA.1,8932664
2021-W05,AT,753524,0,0,0,,0,0,0,0,0,AT,Age70_79,VLA,8932664
2021-W05,AT,753524,0,0,0,,0,0,0,0,0,AT,Age70_79,JANSS,8932664
2021-W05,AT,502105,0,0,1228,,1,0,0,0,0,AT,Age80+,MOD,8932664
2021-W05,AT,502105,0,0,0,,0,0,0,0,0,AT,Age80+,MODBA.1,8932664
2021-W05,AT,502105,0,0,0,,0,0,0,0,0,AT,Age80+,COMBA.4-5,8932664
2021-W05,AT,502105,0,0,0,,0,0,0,0,0,AT,Age80+,AZ,8932664
2021-W05,AT,502105,0,0,0,,0,0,0,0,0,AT,Age80+,NVXD,8932664
2021-W05,AT,502105,0,0,0,,0,0,0,0,0,AT,Age80+,SGSK,8932664
2021-W05,AT,502105,0,0,0,,0,0,0,0,0,AT,Age80+,COMBA.1,8932664
2021-W05,AT,502105,0,0,0,,0,0,0,0,3,AT,Age80+,UNK,8932664
2021-W05,AT,502105,0,0,0,,0,0,0,0,0,AT,Age80+,VLA,8932664
2021-W05,AT,502105,0,0,2621,,19486,5,0,0,0,AT,Age80+,COM,8932664
2021-W05,AT,502105,0,0,0,,0,0,0,0,0,AT,Age80+,JANSS,8932664
2021-W05,AT,1543886,0,0,0,,0,0,0,0,0,AT,Age<18,JANSS,8932664
2021-W05,AT,1543886,0,0,0,,0,0,0,0,0,AT,Age<18,VLA,8932664
2021-W05,AT,1543886,0,0,0,,0,0,0,0,0,AT,Age<18,MODBA.1,8932664
2021-W05,AT,1543886,0,0,0,,0,0,0,0,0,AT,Age<18,MOD,8932664
2021-W05,AT,1543886,0,0,0,,0,0,0,0,0,AT,Age<18,UNK,8932664
2021-W05,AT,1543886,0,0,0,,0,0,0,0,0,AT,Age<18,SGSK,8932664
2021-W05,AT,1543886,0,0,22,,63,0,0,0,0,AT,Age<18,COM,8932664
2021-W05,AT,1543886,0,0,0,,0,0,0,0,0,AT,Age<18,COMBA.1,8932664
2021-W05,AT,1543886,0,0,0,,0,0,0,0,0,AT,Age<18,NVXD,8932664
2021-W05,AT,1543886,0,0,0,,0,0,0,0,0,AT,Age<18,AZ,8932664
2021-W05,AT,1543886,0,0,0,,0,0,0,0,0,AT,Age<18,COMBA.4-5,8932664
2021-W06,AT,7388778,0,0,0,,0,0,0,0,271,AT,ALL,UNK,8932664
2021-W06,AT,7388778,43200,0,10847,,3,0,0,0,0,AT,ALL,AZ,8932664
2021-W06,AT,7388778,0,0,1,,0,0,0,0,0,AT,ALL,MODBA.1,8932664
2021-W06,AT,7388778,0,0,4065,,104,0,0,0,0,AT,ALL,MOD,8932664
2021-W06,AT,7388778,0,0,0,,0,0,0,0,0,AT,ALL,VLA,8932664
2021-W06,AT,7388778,66690,0,13986,,88653,21,0,0,0,AT,ALL,COM,8932664
2021-W06,AT,7388778,0,0,0,,0,0,0,0,0,AT,ALL,JANSS,8932664
2021-W06,AT,7388778,0,0,0,,0,0,0,0,0,AT,ALL,SGSK,8932664
2021-W06,AT,7388778,0,0,0,,0,0,0,0,0,AT,ALL,NVXD,8932664
2021-W06,AT,7388778,0,0,1,,4,0,0,0,0,AT,ALL,COMBA.1,8932664
2021-W06,AT,7388778,0,0,0,,3,0,0,0,0,AT,ALL,COMBA.4-5,8932664
2021-W06,AT,433755,0,0,0,,0,0,0,0,0,AT,Age0_4,AZ,8932664
2021-W06,AT,433755,0,0,0,,0,0,0,0,0,AT,Age0_4,VLA,8932664
2021-W06,AT,433755,0,0,0,,0,0,0,0,0,AT,Age0_4,MODBA.1,8932664
2021-W06,AT,433755,0,0,0,,0,0,0,0,0,AT,Age0_4,JANSS,8932664
2021-W06,AT,433755,0,0,1,,0,0,0,0,0,AT,Age0_4,COM,8932664
2021-W06,AT,433755,0,0,0,,0,0,0,0,0,AT,Age0_4,UNK,8932664
2021-W06,AT,433755,0,0,0,,0,0,0,0,0,AT,Age0_4,COMBA.4-5,8932664
2021-W06,AT,433755,0,0,0,,0,0,0,0,0,AT,Age0_4,SGSK,8932664
2021-W06,AT,433755,0,0,0,,0,0,0,0,0,AT,Age0_4,NVXD,8932664
2021-W06,AT,433755,0,0,0,,0,0,0,0,0,AT,Age0_4,MOD,8932664
2021-W06,AT,433755,0,0,0,,0,0,0,0,0,AT,Age0_4,COMBA.1,8932664
2021-W06,AT,423433,0,0,0,,0,0,0,0,0,AT,Age10_14,VLA,8932664
2021-W06,AT,423433,0,0,0,,0,0,0,0,0,AT,Age10_14,MODBA.1,8932664
2021-W06,AT,423433,0,0,0,,0,0,0,0,0,AT,Age10_14,MOD,8932664
2021-W06,AT,423433,0,0,0,,0,0,0,0,0,AT,Age10_14,UNK,8932664
2021-W06,AT,423433,0,0,0,,0,0,0,0,0,AT,Age10_14,SGSK,8932664
2021-W06,AT,423433,0,0,0,,0,0,0,0,0,AT,Age10_14,NVXD,8932664
2021-W06,AT,423433,0,0,1,,0,0,0,0,0,AT,Age10_14,COM,8932664
2021-W06,AT,423433,0,0,0,,0,0,0,0,0,AT,Age10_14,JANSS,8932664
2021-W06,AT,423433,0,0,0,,0,0,0,0,0,AT,Age10_14,AZ,8932664
2021-W06,AT,423433,0,0,0,,0,0,0,0,0,AT,Age10_14,COMBA.4-5,8932664
2021-W06,AT,423433,0,0,0,,0,0,0,0,0,AT,Age10_14,COMBA.1,8932664
2021-W06,AT,258398,0,0,0,,0,0,0,0,0,AT,Age15_17,JANSS,8932664
2021-W06,AT,258398,0,0,0,,0,0,0,0,0,AT,Age15_17,VLA,8932664
2021-W06,AT,258398,0,0,0,,0,0,0,0,0,AT,Age15_17,UNK,8932664
2021-W06,AT,258398,0,0,0,,0,0,0,0,0,AT,Age15_17,NVXD,8932664
2021-W06,AT,258398,0,0,0,,0,0,0,0,0,AT,Age15_17,COMBA.4-5,8932664
2021-W06,AT,258398,0,0,0,,0,0,0,0,0,AT,Age15_17,MODBA.1,8932664
2021-W06,AT,258398,0,0,16,,34,0,0,0,0,AT,Age15_17,COM,8932664
2021-W06,AT,258398,0,0,5,,0,0,0,0,0,AT,Age15_17,AZ,8932664
2021-W06,AT,258398,0,0,0,,0,0,0,0,0,AT,Age15_17,COMBA.1,8932664
2021-W06,AT,258398,0,0,0,,0,0,0,0,0,AT,Age15_17,MOD,8932664
2021-W06,AT,258398,0,0,0,,0,0,0,0,0,AT,Age15_17,SGSK,8932664
2021-W06,AT,683584,0,0,0,,0,0,0,0,0,AT,Age18_24,NVXD,8932664
2021-W06,AT,683584,0,0,0,,0,0,0,0,0,AT,Age18_24,VLA,8932664
2021-W06,AT,683584,0,0,0,,0,0,0,0,0,AT,Age18_24,MODBA.1,8932664
2021-W06,AT,683584,0,0,70,,1,0,0,0,0,AT,Age18_24,MOD,8932664
2021-W06,AT,683584,0,0,1976,,1,0,0,0,0,AT,Age18_24,AZ,8932664
2021-W06,AT,683584,0,0,0,,0,0,0,0,0,AT,Age18_24,COMBA.1,8932664
2021-W06,AT,683584,0,0,548,,2743,0,0,0,0,AT,Age18_24,COM,8932664
2021-W06,AT,683584,0,0,0,,0,0,0,0,0,AT,Age18_24,JANSS,8932664
2021-W06,AT,683584,0,0,0,,0,0,0,0,0,AT,Age18_24,SGSK,8932664
2021-W06,AT,683584,0,0,0,,0,0,0,0,0,AT,Age18_24,COMBA.4-5,8932664
2021-W06,AT,683584,0,0,0,,0,0,0,0,3,AT,Age18_24,UNK,8932664
2021-W06,AT,3002329,0,0,4371,,28591,4,0,0,0,AT,Age25_49,COM,8932664
2021-W06,AT,3002329,0,0,0,,0,0,0,0,0,AT,Age25_49,COMBA.4-5,8932664
2021-W06,AT,3002329,0,0,0,,0,0,0,0,0,AT,Age25_49,JANSS,8932664
2021-W06,AT,3002329,0,0,1272,,8,0,0,0,0,AT,Age25_49,MOD,8932664
2021-W06,AT,3002329,0,0,5425,,1,0,0,0,0,AT,Age25_49,AZ,8932664
2021-W06,AT,3002329,0,0,0,,0,0,0,0,15,AT,Age25_49,UNK,8932664
2021-W06,AT,3002329,0,0,0,,0,0,0,0,0,AT,Age25_49,MODBA.1,8932664
2021-W06,AT,3002329,0,0,0,,0,0,0,0,0,AT,Age25_49,VLA,8932664
2021-W06,AT,3002329,0,0,0,,0,0,0,0,0,AT,Age25_49,NVXD,8932664
2021-W06,AT,3002329,0,0,0,,0,0,0,0,0,AT,Age25_49,SGSK,8932664
2021-W06,AT,3002329,0,0,1,,2,0,0,0,0,AT,Age25_49,COMBA.1,8932664
2021-W06,AT,1399348,0,0,0,,1,0,0,0,0,AT,Age50_59,COMBA.1,8932664
2021-W06,AT,1399348,0,0,887,,10,0,0,0,0,AT,Age50_59,MOD,8932664
2021-W06,AT,1399348,0,0,0,,0,0,0,0,0,AT,Age50_59,COMBA.4-5,8932664
2021-W06,AT,1399348,0,0,0,,0,0,0,0,0,AT,Age50_59,SGSK,8932664
2021-W06,AT,1399348,0,0,0,,0,0,0,0,0,AT,Age50_59,JANSS,8932664
2021-W06,AT,1399348,0,0,0,,0,0,0,0,0,AT,Age50_59,NVXD,8932664
2021-W06,AT,1399348,0,0,1,,0,0,0,0,0,AT,Age50_59,MODBA.1,8932664
2021-W06,AT,1399348,0,0,0,,0,0,0,0,17,AT,Age50_59,UNK,8932664
2021-W06,AT,1399348,0,0,0,,0,0,0,0,0,AT,Age50_59,VLA,8932664
2021-W06,AT,1399348,0,0,2871,,18232,1,0,0,0,AT,Age50_59,COM,8932664
2021-W06,AT,1399348,0,0,2621,,1,0,0,0,0,AT,Age50_59,AZ,8932664
2021-W06,AT,428300,0,0,0,,0,0,0,0,0,AT,Age5_9,NVXD,8932664
2021-W06,AT,428300,0,0,0,,0,0,0,0,0,AT,Age5_9,MOD,8932664
2021-W06,AT,428300,0,0,0,,0,0,0,0,0,AT,Age5_9,COMBA.1,8932664
2021-W06,AT,428300,0,0,0,,0,0,0,0,0,AT,Age5_9,JANSS,8932664
2021-W06,AT,428300,0,0,0,,0,0,0,0,0,AT,Age5_9,VLA,8932664
2021-W06,AT,428300,0,0,0,,0,0,0,0,0,AT,Age5_9,SGSK,8932664
2021-W06,AT,428300,0,0,1,,0,0,0,0,0,AT,Age5_9,COM,8932664
2021-W06,AT,428300,0,0,0,,0,0,0,0,0,AT,Age5_9,COMBA.4-5,8932664
2021-W06,AT,428300,0,0,0,,0,0,0,0,0,AT,Age5_9,UNK,8932664
2021-W06,AT,428300,0,0,0,,0,0,0,0,0,AT,Age5_9,AZ,8932664
2021-W06,AT,428300,0,0,0,,0,0,0,0,0,AT,Age5_9,MODBA.1,8932664
2021-W06,AT,1047888,0,0,0,,0,0,0,0,0,AT,Age60_69,COMBA.1,8932664
2021-W06,AT,1047888,0,0,1587,,8237,0,0,0,0,AT,Age60_69,COM,8932664
2021-W06,AT,1047888,0,0,0,,0,0,0,0,0,AT,Age60_69,SGSK,8932664
2021-W06,AT,1047888,0,0,0,,0,0,0,0,0,AT,Age60_69,COMBA.4-5,8932664
2021-W06,AT,1047888,0,0,799,,0,0,0,0,0,AT,Age60_69,AZ,8932664
2021-W06,AT,1047888,0,0,0,,0,0,0,0,0,AT,Age60_69,JANSS,8932664
2021-W06,AT,1047888,0,0,0,,0,0,0,0,0,AT,Age60_69,VLA,8932664
2021-W06,AT,1047888,0,0,360,,7,0,0,0,0,AT,Age60_69,MOD,8932664
2021-W06,AT,1047888,0,0,0,,0,0,0,0,89,AT,Age60_69,UNK,8932664
2021-W06,AT,1047888,0,0,0,,0,0,0,0,0,AT,Age60_69,MODBA.1,8932664
2021-W06,AT,1047888,0,0,0,,0,0,0,0,0,AT,Age60_69,NVXD,8932664
2021-W06,AT,753524,0,0,0,,0,0,0,0,0,AT,Age70_79,SGSK,8932664
2021-W06,AT,753524,0,0,0,,0,0,0,0,0,AT,Age70_79,JANSS,8932664
2021-W06,AT,753524,0,0,19,,0,0,0,0,0,AT,Age70_79,AZ,8932664
2021-W06,AT,753524,0,0,0,,0,0,0,0,0,AT,Age70_79,COMBA.1,8932664
2021-W06,AT,753524,0,0,1221,,6113,3,0,0,0,AT,Age70_79,COM,8932664
2021-W06,AT,753524,0,0,0,,0,0,0,0,0,AT,Age70_79,NVXD,8932664
2021-W06,AT,753524,0,0,0,,0,0,0,0,0,AT,Age70_79,MODBA.1,8932664
2021-W06,AT,753524,0,0,426,,8,0,0,0,0,AT,Age70_79,MOD,8932664
2021-W06,AT,753524,0,0,0,,0,0,0,0,0,AT,Age70_79,COMBA.4-5,8932664
2021-W06,AT,753524,0,0,0,,0,0,0,0,0,AT,Age70_79,VLA,8932664
2021-W06,AT,753524,0,0,0,,0,0,0,0,127,AT,Age70_79,UNK,8932664
2021-W06,AT,502105,0,0,1050,,70,0,0,0,0,AT,Age80+,MOD,8932664
2021-W06,AT,502105,0,0,0,,0,0,0,0,20,AT,Age80+,UNK,8932664
2021-W06,AT,502105,0,0,0,,0,0,0,0,0,AT,Age80+,MODBA.1,8932664
2021-W06,AT,502105,0,0,7,,0,0,0,0,0,AT,Age80+,AZ,8932664
2021-W06,AT,502105,0,0,0,,0,0,0,0,0,AT,Age80+,VLA,8932664
2021-W06,AT,502105,0,0,3388,,24737,13,0,0,0,AT,Age80+,COM,8932664
2021-W06,AT,502105,0,0,0,,0,0,0,0,0,AT,Age80+,NVXD,8932664
2021-W06,AT,502105,0,0,0,,0,0,0,0,0,AT,Age80+,JANSS,8932664
2021-W06,AT,502105,0,0,0,,0,0,0,0,0,AT,Age80+,SGSK,8932664
2021-W06,AT,502105,0,0,0,,3,0,0,0,0,AT,Age80+,COMBA.4-5,8932664
2021-W06,AT,502105,0,0,0,,1,0,0,0,0,AT,Age80+,COMBA.1,8932664
2021-W06,AT,1543886,0,0,0,,0,0,0,0,0,AT,Age<18,JANSS,8932664
2021-W06,AT,1543886,0,0,0,,0,0,0,0,0,AT,Age<18,VLA,8932664
2021-W06,AT,1543886,0,0,5,,0,0,0,0,0,AT,Age<18,AZ,8932664
2021-W06,AT,1543886,0,0,19,,34,0,0,0,0,AT,Age<18,COM,8932664
2021-W06,AT,1543886,0,0,0,,0,0,0,0,0,AT,Age<18,NVXD,8932664
2021-W06,AT,1543886,0,0,0,,0,0,0,0,0,AT,Age<18,UNK,8932664
2021-W06,AT,1543886,0,0,0,,0,0,0,0,0,AT,Age<18,MODBA.1,8932664
2021-W06,AT,1543886,0,0,0,,0,0,0,0,0,AT,Age<18,COMBA.4-5,8932664
2021-W06,AT,1543886,0,0,0,,0,0,0,0,0,AT,Age<18,SGSK,8932664
2021-W06,AT,1543886,0,0,0,,0,0,0,0,0,AT,Age<18,COMBA.1,8932664
2021-W06,AT,1543886,0,0,0,,0,0,0,0,0,AT,Age<18,MOD,8932664
2021-W07,AT,7388778,0,0,0,,0,0,0,0,0,AT,ALL,SGSK,8932664
2021-W07,AT,7388778,76800,0,32930,,3,0,0,0,0,AT,ALL,AZ,8932664
2021-W07,AT,7388778,80730,0,26821,,39610,6,0,0,0,AT,ALL,COM,8932664
2021-W07,AT,7388778,0,0,0,,0,0,0,0,0,AT,ALL,COMBA.1,8932664
2021-W07,AT,7388778,0,0,0,,0,0,0,0,0,AT,ALL,VLA,8932664
2021-W07,AT,7388778,0,0,0,,0,0,0,0,0,AT,ALL,COMBA.4-5,8932664
2021-W07,AT,7388778,0,0,0,,0,0,0,0,0,AT,ALL,NVXD,8932664
2021-W07,AT,7388778,0,0,0,,0,0,0,0,0,AT,ALL,JANSS,8932664
2021-W07,AT,7388778,0,0,3968,,236,0,0,0,0,AT,ALL,MOD,8932664
2021-W07,AT,7388778,0,0,0,,0,0,0,0,311,AT,ALL,UNK,8932664
2021-W07,AT,7388778,0,0,0,,0,0,0,0,0,AT,ALL,MODBA.1,8932664
2021-W07,AT,433755,0,0,0,,0,0,0,0,0,AT,Age0_4,NVXD,8932664
2021-W07,AT,433755,0,0,0,,0,0,0,0,0,AT,Age0_4,COMBA.4-5,8932664
2021-W07,AT,433755,0,0,0,,0,0,0,0,0,AT,Age0_4,MOD,8932664
2021-W07,AT,433755,0,0,1,,0,0,0,0,0,AT,Age0_4,AZ,8932664
2021-W07,AT,433755,0,0,0,,0,0,0,0,0,AT,Age0_4,UNK,8932664
2021-W07,AT,433755,0,0,0,,0,0,0,0,0,AT,Age0_4,VLA,8932664
2021-W07,AT,433755,0,0,0,,0,0,0,0,0,AT,Age0_4,COMBA.1,8932664
2021-W07,AT,433755,0,0,0,,0,0,0,0,0,AT,Age0_4,JANSS,8932664
2021-W07,AT,433755,0,0,0,,0,0,0,0,0,AT,Age0_4,SGSK,8932664
2021-W07,AT,433755,0,0,0,,0,0,0,0,0,AT,Age0_4,MODBA.1,8932664
2021-W07,AT,433755,0,0,0,,1,0,0,0,0,AT,Age0_4,COM,8932664
2021-W07,AT,423433,0,0,0,,0,0,0,0,0,AT,Age10_14,UNK,8932664
2021-W07,AT,423433,0,0,0,,0,0,0,0,0,AT,Age10_14,NVXD,8932664
2021-W07,AT,423433,0,0,0,,0,0,0,0,0,AT,Age10_14,COMBA.4-5,8932664
2021-W07,AT,423433,0,0,0,,0,0,0,0,0,AT,Age10_14,SGSK,8932664
2021-W07,AT,423433,0,0,0,,0,0,0,0,0,AT,Age10_14,COMBA.1,8932664
2021-W07,AT,423433,0,0,0,,0,0,0,0,0,AT,Age10_14,MODBA.1,8932664
2021-W07,AT,423433,0,0,1,,0,0,0,0,0,AT,Age10_14,COM,8932664
2021-W07,AT,423433,0,0,1,,0,0,0,0,0,AT,Age10_14,MOD,8932664
2021-W07,AT,423433,0,0,0,,0,0,0,0,0,AT,Age10_14,JANSS,8932664
2021-W07,AT,423433,0,0,1,,0,0,0,0,0,AT,Age10_14,AZ,8932664
2021-W07,AT,423433,0,0,0,,0,0,0,0,0,AT,Age10_14,VLA,8932664
2021-W07,AT,258398,0,0,3,,0,0,0,0,0,AT,Age15_17,MOD,8932664
2021-W07,AT,258398,0,0,0,,0,0,0,0,0,AT,Age15_17,SGSK,8932664
2021-W07,AT,258398,0,0,0,,0,0,0,0,0,AT,Age15_17,NVXD,8932664
2021-W07,AT,258398,0,0,0,,0,0,0,0,0,AT,Age15_17,MODBA.1,8932664
2021-W07,AT,258398,0,0,18,,0,0,0,0,0,AT,Age15_17,AZ,8932664
2021-W07,AT,258398,0,0,0,,0,0,0,0,0,AT,Age15_17,VLA,8932664
2021-W07,AT,258398,0,0,0,,0,0,0,0,0,AT,Age15_17,COMBA.1,8932664
2021-W07,AT,258398,0,0,0,,0,0,0,0,0,AT,Age15_17,COMBA.4-5,8932664
2021-W07,AT,258398,0,0,0,,0,0,0,0,0,AT,Age15_17,UNK,8932664
2021-W07,AT,258398,0,0,0,,0,0,0,0,0,AT,Age15_17,JANSS,8932664
2021-W07,AT,258398,0,0,22,,13,0,0,0,0,AT,Age15_17,COM,8932664
2021-W07,AT,683584,0,0,0,,0,0,0,0,0,AT,Age18_24,COMBA.4-5,8932664
2021-W07,AT,683584,0,0,0,,0,0,0,0,0,AT,Age18_24,VLA,8932664
2021-W07,AT,683584,0,0,0,,0,0,0,0,3,AT,Age18_24,UNK,8932664
2021-W07,AT,683584,0,0,0,,0,0,0,0,0,AT,Age18_24,SGSK,8932664
2021-W07,AT,683584,0,0,3073,,0,0,0,0,0,AT,Age18_24,AZ,8932664
2021-W07,AT,683584,0,0,0,,0,0,0,0,0,AT,Age18_24,COMBA.1,8932664
2021-W07,AT,683584,0,0,0,,0,0,0,0,0,AT,Age18_24,NVXD,8932664
2021-W07,AT,683584,0,0,0,,0,0,0,0,0,AT,Age18_24,JANSS,8932664
2021-W07,AT,683584,0,0,271,,1393,0,0,0,0,AT,Age18_24,COM,8932664
2021-W07,AT,683584,0,0,55,,21,0,0,0,0,AT,Age18_24,MOD,8932664
2021-W07,AT,683584,0,0,0,,0,0,0,0,0,AT,Age18_24,MODBA.1,8932664
2021-W07,AT,3002329,0,0,0,,0,0,0,0,0,AT,Age25_49,COMBA.4-5,8932664
2021-W07,AT,3002329,0,0,17139,,0,0,0,0,0,AT,Age25_49,AZ,8932664
2021-W07,AT,3002329,0,0,0,,0,0,0,0,0,AT,Age25_49,VLA,8932664
2021-W07,AT,3002329,0,0,789,,119,0,0,0,0,AT,Age25_49,MOD,8932664
2021-W07,AT,3002329,0,0,0,,0,0,0,0,28,AT,Age25_49,UNK,8932664
2021-W07,AT,3002329,0,0,2349,,10580,2,0,0,0,AT,Age25_49,COM,8932664
2021-W07,AT,3002329,0,0,0,,0,0,0,0,0,AT,Age25_49,MODBA.1,8932664
2021-W07,AT,3002329,0,0,0,,0,0,0,0,0,AT,Age25_49,JANSS,8932664
2021-W07,AT,3002329,0,0,0,,0,0,0,0,0,AT,Age25_49,COMBA.1,8932664
2021-W07,AT,3002329,0,0,0,,0,0,0,0,0,AT,Age25_49,SGSK,8932664
2021-W07,AT,3002329,0,0,0,,0,0,0,0,0,AT,Age25_49,NVXD,8932664
2021-W07,AT,1399348,0,0,0,,0,0,0,0,0,AT,Age50_59,MODBA.1,8932664
2021-W07,AT,1399348,0,0,9543,,0,0,0,0,0,AT,Age50_59,AZ,8932664
2021-W07,AT,1399348,0,0,642,,58,0,0,0,0,AT,Age50_59,MOD,8932664
2021-W07,AT,1399348,0,0,0,,0,0,0,0,0,AT,Age50_59,COMBA.4-5,8932664
2021-W07,AT,1399348,0,0,0,,0,0,0,0,0,AT,Age50_59,COMBA.1,8932664
2021-W07,AT,1399348,0,0,0,,0,0,0,0,0,AT,Age50_59,VLA,8932664
2021-W07,AT,1399348,0,0,0,,0,0,0,0,0,AT,Age50_59,SGSK,8932664
2021-W07,AT,1399348,0,0,0,,0,0,0,0,0,AT,Age50_59,JANSS,8932664
2021-W07,AT,1399348,0,0,0,,0,0,0,0,0,AT,Age50_59,NVXD,8932664
2021-W07,AT,1399348,0,0,0,,0,0,0,0,19,AT,Age50_59,UNK,8932664
2021-W07,AT,1399348,0,0,1606,,6873,2,0,0,0,AT,Age50_59,COM,8932664
2021-W07,AT,428300,0,0,0,,0,0,0,0,0,AT,Age5_9,COMBA.4-5,8932664
2021-W07,AT,428300,0,0,0,,0,0,0,0,0,AT,Age5_9,JANSS,8932664
2021-W07,AT,428300,0,0,0,,0,0,0,0,0,AT,Age5_9,AZ,8932664
2021-W07,AT,428300,0,0,0,,0,0,0,0,0,AT,Age5_9,SGSK,8932664
2021-W07,AT,428300,0,0,0,,0,0,0,0,0,AT,Age5_9,MODBA.1,8932664
2021-W07,AT,428300,0,0,0,,0,0,0,0,0,AT,Age5_9,NVXD,8932664
2021-W07,AT,428300,0,0,0,,0,0,0,0,0,AT,Age5_9,MOD,8932664
2021-W07,AT,428300,0,0,0,,0,0,0,0,0,AT,Age5_9,VLA,8932664
2021-W07,AT,428300,0,0,0,,0,0,0,0,0,AT,Age5_9,UNK,8932664
2021-W07,AT,428300,0,0,0,,0,0,0,0,0,AT,Age5_9,COMBA.1,8932664
2021-W07,AT,428300,0,0,0,,0,0,0,0,0,AT,Age5_9,COM,8932664
2021-W07,AT,1047888,0,0,1581,,3172,0,0,0,0,AT,Age60_69,COM,8932664
2021-W07,AT,1047888,0,0,0,,0,0,0,0,0,AT,Age60_69,COMBA.4-5,8932664
2021-W07,AT,1047888,0,0,0,,0,0,0,0,0,AT,Age60_69,NVXD,8932664
2021-W07,AT,1047888,0,0,546,,15,0,0,0,0,AT,Age60_69,MOD,8932664
2021-W07,AT,1047888,0,0,0,,0,0,0,0,0,AT,Age60_69,SGSK,8932664
2021-W07,AT,1047888,0,0,3066,,0,0,0,0,0,AT,Age60_69,AZ,8932664
2021-W07,AT,1047888,0,0,0,,0,0,0,0,121,AT,Age60_69,UNK,8932664
2021-W07,AT,1047888,0,0,0,,0,0,0,0,0,AT,Age60_69,COMBA.1,8932664
2021-W07,AT,1047888,0,0,0,,0,0,0,0,0,AT,Age60_69,MODBA.1,8932664
2021-W07,AT,1047888,0,0,0,,0,0,0,0,0,AT,Age60_69,JANSS,8932664
2021-W07,AT,1047888,0,0,0,,0,0,0,0,0,AT,Age60_69,VLA,8932664
2021-W07,AT,753524,0,0,0,,0,0,0,0,0,AT,Age70_79,MODBA.1,8932664
2021-W07,AT,753524,0,0,0,,0,0,0,0,0,AT,Age70_79,COMBA.4-5,8932664
2021-W07,AT,753524,0,0,0,,0,0,0,0,0,AT,Age70_79,COMBA.1,8932664
2021-W07,AT,753524,0,0,0,,0,0,0,0,0,AT,Age70_79,SGSK,8932664
2021-W07,AT,753524,0,0,0,,0,0,0,0,0,AT,Age70_79,NVXD,8932664
2021-W07,AT,753524,0,0,0,,0,0,0,0,0,AT,Age70_79,VLA,8932664
2021-W07,AT,753524,0,0,0,,0,0,0,0,0,AT,Age70_79,JANSS,8932664
2021-W07,AT,753524,0,0,577,,10,0,0,0,0,AT,Age70_79,MOD,8932664
2021-W07,AT,753524,0,0,89,,0,0,0,0,0,AT,Age70_79,AZ,8932664
2021-W07,AT,753524,0,0,1842,,2855,1,0,0,0,AT,Age70_79,COM,8932664
2021-W07,AT,753524,0,0,0,,0,0,0,0,133,AT,Age70_79,UNK,8932664
2021-W07,AT,502105,0,0,0,,0,0,0,0,0,AT,Age80+,COMBA.4-5,8932664
2021-W07,AT,502105,0,0,0,,0,0,0,0,0,AT,Age80+,COMBA.1,8932664
2021-W07,AT,502105,0,0,19172,,14737,1,0,0,0,AT,Age80+,COM,8932664
2021-W07,AT,502105,0,0,0,,0,0,0,0,0,AT,Age80+,JANSS,8932664
2021-W07,AT,502105,0,0,0,,0,0,0,0,7,AT,Age80+,UNK,8932664
2021-W07,AT,502105,0,0,0,,0,0,0,0,0,AT,Age80+,SGSK,8932664
2021-W07,AT,502105,0,0,0,,0,0,0,0,0,AT,Age80+,MODBA.1,8932664
2021-W07,AT,502105,0,0,0,,0,0,0,0,0,AT,Age80+,NVXD,8932664
2021-W07,AT,502105,0,0,0,,0,0,0,0,0,AT,Age80+,VLA,8932664
2021-W07,AT,502105,0,0,1359,,13,0,0,0,0,AT,Age80+,MOD,8932664
2021-W07,AT,502105,0,0,20,,3,0,0,0,0,AT,Age80+,AZ,8932664
2021-W07,AT,1543886,0,0,0,,0,0,0,0,0,AT,Age<18,MODBA.1,8932664
2021-W07,AT,1543886,0,0,0,,0,0,0,0,0,AT,Age<18,COMBA.4-5,8932664
2021-W07,AT,1543886,0,0,0,,0,0,0,0,0,AT,Age<18,VLA,8932664
2021-W07,AT,1543886,0,0,0,,0,0,0,0,0,AT,Age<18,SGSK,8932664
2021-W07,AT,1543886,0,0,23,,14,0,0,0,0,AT,Age<18,COM,8932664
2021-W07,AT,1543886,0,0,0,,0,0,0,0,0,AT,Age<18,NVXD,8932664
2021-W07,AT,1543886,0,0,4,,0,0,0,0,0,AT,Age<18,MOD,8932664
2021-W07,AT,1543886,0,0,0,,0,0,0,0,0,AT,Age<18,JANSS,8932664
2021-W07,AT,1543886,0,0,0,,0,0,0,0,0,AT,Age<18,UNK,8932664
2021-W07,AT,1543886,0,0,20,,0,0,0,0,0,AT,Age<18,AZ,8932664
2021-W07,AT,1543886,0,0,0,,0,0,0,0,0,AT,Age<18,COMBA.1,8932664
2021-W08,AT,7388778,37200,0,4545,,3973,0,0,0,0,AT,ALL,MOD,8932664
2021-W08,AT,7388778,0,0,0,,0,0,0,0,0,AT,ALL,VLA,8932664
2021-W08,AT,7388778,0,0,0,,0,0,0,0,0,AT,ALL,MODBA.1,8932664
2021-W08,AT,7388778,0,0,0,,0,0,0,0,0,AT,ALL,NVXD,8932664
2021-W08,AT,7388778,0,0,0,,0,0,0,0,142,AT,ALL,UNK,8932664
2021-W08,AT,7388778,0,0,2,,2,0,0,0,0,AT,ALL,COMBA.4-5,8932664
2021-W08,AT,7388778,0,0,0,,0,0,0,0,0,AT,ALL,SGSK,8932664
2021-W08,AT,7388778,0,0,0,,0,0,0,0,0,AT,ALL,JANSS,8932664
2021-W08,AT,7388778,0,0,58176,,11,0,0,0,0,AT,ALL,AZ,8932664
2021-W08,AT,7388778,0,0,1,,1,0,0,0,0,AT,ALL,COMBA.1,8932664
2021-W08,AT,7388778,84240,0,44436,,17466,10,0,0,0,AT,ALL,COM,8932664
2021-W08,AT,433755,0,0,0,,0,0,0,0,0,AT,Age0_4,JANSS,8932664
2021-W08,AT,433755,0,0,0,,0,0,0,0,0,AT,Age0_4,SGSK,8932664
2021-W08,AT,433755,0,0,0,,0,0,0,0,0,AT,Age0_4,NVXD,8932664
2021-W08,AT,433755,0,0,0,,0,0,0,0,0,AT,Age0_4,VLA,8932664
2021-W08,AT,433755,0,0,0,,0,0,0,0,0,AT,Age0_4,MODBA.1,8932664
2021-W08,AT,433755,0,0,0,,0,0,0,0,0,AT,Age0_4,COM,8932664
2021-W08,AT,433755,0,0,0,,0,0,0,0,0,AT,Age0_4,MOD,8932664
2021-W08,AT,433755,0,0,0,,0,0,0,0,0,AT,Age0_4,UNK,8932664
2021-W08,AT,433755,0,0,4,,0,0,0,0,0,AT,Age0_4,AZ,8932664
2021-W08,AT,433755,0,0,0,,0,0,0,0,0,AT,Age0_4,COMBA.4-5,8932664
2021-W08,AT,433755,0,0,0,,0,0,0,0,0,AT,Age0_4,COMBA.1,8932664
2021-W08,AT,423433,0,0,0,,0,0,0,0,0,AT,Age10_14,VLA,8932664
2021-W08,AT,423433,0,0,0,,0,0,0,0,0,AT,Age10_14,MOD,8932664
2021-W08,AT,423433,0,0,0,,0,0,0,0,0,AT,Age10_14,JANSS,8932664
2021-W08,AT,423433,0,0,0,,0,0,0,0,0,AT,Age10_14,MODBA.1,8932664
2021-W08,AT,423433,0,0,0,,0,0,0,0,0,AT,Age10_14,COMBA.4-5,8932664
2021-W08,AT,423433,0,0,1,,0,0,0,0,0,AT,Age10_14,AZ,8932664
2021-W08,AT,423433,0,0,2,,1,0,0,0,0,AT,Age10_14,COM,8932664
2021-W08,AT,423433,0,0,0,,0,0,0,0,0,AT,Age10_14,COMBA.1,8932664
2021-W08,AT,423433,0,0,0,,0,0,0,0,0,AT,Age10_14,UNK,8932664
2021-W08,AT,423433,0,0,0,,0,0,0,0,0,AT,Age10_14,SGSK,8932664
2021-W08,AT,423433,0,0,0,,0,0,0,0,0,AT,Age10_14,NVXD,8932664
2021-W08,AT,258398,0,0,0,,0,0,0,0,0,AT,Age15_17,VLA,8932664
2021-W08,AT,258398,0,0,0,,0,0,0,0,0,AT,Age15_17,COMBA.1,8932664
2021-W08,AT,258398,0,0,0,,0,0,0,0,0,AT,Age15_17,SGSK,8932664
2021-W08,AT,258398,0,0,0,,0,0,0,0,0,AT,Age15_17,MOD,8932664
2021-W08,AT,258398,0,0,24,,21,0,0,0,0,AT,Age15_17,COM,8932664
2021-W08,AT,258398,0,0,27,,0,0,0,0,0,AT,Age15_17,AZ,8932664
2021-W08,AT,258398,0,0,0,,0,0,0,0,0,AT,Age15_17,JANSS,8932664
2021-W08,AT,258398,0,0,0,,0,0,0,0,0,AT,Age15_17,UNK,8932664
2021-W08,AT,258398,0,0,0,,0,0,0,0,0,AT,Age15_17,COMBA.4-5,8932664
2021-W08,AT,258398,0,0,0,,0,0,0,0,0,AT,Age15_17,MODBA.1,8932664
2021-W08,AT,258398,0,0,0,,0,0,0,0,0,AT,Age15_17,NVXD,8932664
2021-W08,AT,683584,0,0,257,,822,0,0,0,0,AT,Age18_24,COM,8932664
2021-W08,AT,683584,0,0,6295,,0,0,0,0,0,AT,Age18_24,AZ,8932664
2021-W08,AT,683584,0,0,0,,0,0,0,0,0,AT,Age18_24,JANSS,8932664
2021-W08,AT,683584,0,0,0,,0,0,0,0,1,AT,Age18_24,UNK,8932664
2021-W08,AT,683584,0,0,0,,0,0,0,0,0,AT,Age18_24,VLA,8932664
2021-W08,AT,683584,0,0,0,,0,0,0,0,0,AT,Age18_24,COMBA.4-5,8932664
2021-W08,AT,683584,0,0,0,,0,0,0,0,0,AT,Age18_24,SGSK,8932664
2021-W08,AT,683584,0,0,0,,0,0,0,0,0,AT,Age18_24,NVXD,8932664
2021-W08,AT,683584,0,0,0,,0,0,0,0,0,AT,Age18_24,COMBA.1,8932664
2021-W08,AT,683584,0,0,127,,92,0,0,0,0,AT,Age18_24,MOD,8932664
2021-W08,AT,683584,0,0,0,,0,0,0,0,0,AT,Age18_24,MODBA.1,8932664
2021-W08,AT,3002329,0,0,0,,0,0,0,0,0,AT,Age25_49,COMBA.4-5,8932664
2021-W08,AT,3002329,0,0,1,,1,0,0,0,0,AT,Age25_49,COMBA.1,8932664
2021-W08,AT,3002329,0,0,0,,0,0,0,0,0,AT,Age25_49,MODBA.1,8932664
2021-W08,AT,3002329,0,0,29910,,4,0,0,0,0,AT,Age25_49,AZ,8932664
2021-W08,AT,3002329,0,0,0,,0,0,0,0,0,AT,Age25_49,NVXD,8932664
2021-W08,AT,3002329,0,0,0,,0,0,0,0,0,AT,Age25_49,SGSK,8932664
2021-W08,AT,3002329,0,0,823,,1598,0,0,0,0,AT,Age25_49,MOD,8932664
2021-W08,AT,3002329,0,0,0,,0,0,0,0,0,AT,Age25_49,JANSS,8932664
2021-W08,AT,3002329,0,0,2347,,6254,2,0,0,0,AT,Age25_49,COM,8932664
2021-W08,AT,3002329,0,0,0,,0,0,0,0,25,AT,Age25_49,UNK,8932664
2021-W08,AT,3002329,0,0,0,,0,0,0,0,0,AT,Age25_49,VLA,8932664
2021-W08,AT,1399348,0,0,0,,0,0,0,0,0,AT,Age50_59,MODBA.1,8932664
2021-W08,AT,1399348,0,0,787,,962,0,0,0,0,AT,Age50_59,MOD,8932664
2021-W08,AT,1399348,0,0,0,,0,0,0,0,0,AT,Age50_59,JANSS,8932664
2021-W08,AT,1399348,0,0,1798,,4304,4,0,0,0,AT,Age50_59,COM,8932664
2021-W08,AT,1399348,0,0,0,,0,0,0,0,0,AT,Age50_59,VLA,8932664
2021-W08,AT,1399348,0,0,0,,0,0,0,0,0,AT,Age50_59,COMBA.4-5,8932664
2021-W08,AT,1399348,0,0,0,,0,0,0,0,0,AT,Age50_59,NVXD,8932664
2021-W08,AT,1399348,0,0,0,,0,0,0,0,0,AT,Age50_59,COMBA.1,8932664
2021-W08,AT,1399348,0,0,15754,,5,0,0,0,0,AT,Age50_59,AZ,8932664
2021-W08,AT,1399348,0,0,0,,0,0,0,0,0,AT,Age50_59,SGSK,8932664
2021-W08,AT,1399348,0,0,0,,0,0,0,0,16,AT,Age50_59,UNK,8932664
2021-W08,AT,428300,0,0,0,,0,0,0,0,0,AT,Age5_9,NVXD,8932664
2021-W08,AT,428300,0,0,0,,0,0,0,0,0,AT,Age5_9,MODBA.1,8932664
2021-W08,AT,428300,0,0,0,,0,0,0,0,0,AT,Age5_9,VLA,8932664
2021-W08,AT,428300,0,0,0,,0,0,0,0,0,AT,Age5_9,SGSK,8932664
2021-W08,AT,428300,0,0,1,,0,0,0,0,0,AT,Age5_9,COM,8932664
2021-W08,AT,428300,0,0,0,,0,0,0,0,0,AT,Age5_9,COMBA.1,8932664
2021-W08,AT,428300,0,0,0,,0,0,0,0,0,AT,Age5_9,AZ,8932664
2021-W08,AT,428300,0,0,0,,0,0,0,0,0,AT,Age5_9,UNK,8932664
2021-W08,AT,428300,0,0,0,,0,0,0,0,0,AT,Age5_9,JANSS,8932664
2021-W08,AT,428300,0,0,0,,0,0,0,0,0,AT,Age5_9,COMBA.4-5,8932664
2021-W08,AT,428300,0,0,0,,0,0,0,0,0,AT,Age5_9,MOD,8932664
2021-W08,AT,1047888,0,0,0,,0,0,0,0,0,AT,Age60_69,VLA,8932664
2021-W08,AT,1047888,0,0,0,,0,0,0,0,0,AT,Age60_69,MODBA.1,8932664
2021-W08,AT,1047888,0,0,0,,0,0,0,0,0,AT,Age60_69,COMBA.1,8932664
2021-W08,AT,1047888,0,0,2086,,2009,1,0,0,0,AT,Age60_69,COM,8932664
2021-W08,AT,1047888,0,0,0,,0,0,0,0,0,AT,Age60_69,COMBA.4-5,8932664
2021-W08,AT,1047888,0,0,958,,745,0,0,0,0,AT,Age60_69,MOD,8932664
2021-W08,AT,1047888,0,0,0,,0,0,0,0,42,AT,Age60_69,UNK,8932664
2021-W08,AT,1047888,0,0,0,,0,0,0,0,0,AT,Age60_69,JANSS,8932664
2021-W08,AT,1047888,0,0,0,,0,0,0,0,0,AT,Age60_69,NVXD,8932664
2021-W08,AT,1047888,0,0,5881,,0,0,0,0,0,AT,Age60_69,AZ,8932664
2021-W08,AT,1047888,0,0,0,,0,0,0,0,0,AT,Age60_69,SGSK,8932664
2021-W08,AT,753524,0,0,0,,0,0,0,0,0,AT,Age70_79,MODBA.1,8932664
2021-W08,AT,753524,0,0,0,,0,0,0,0,0,AT,Age70_79,SGSK,8932664
2021-W08,AT,753524,0,0,0,,0,0,0,0,0,AT,Age70_79,COMBA.4-5,8932664
2021-W08,AT,753524,0,0,280,,0,0,0,0,0,AT,Age70_79,AZ,8932664
2021-W08,AT,753524,0,0,947,,170,0,0,0,0,AT,Age70_79,MOD,8932664
2021-W08,AT,753524,0,0,0,,0,0,0,0,0,AT,Age70_79,NVXD,8932664
2021-W08,AT,753524,0,0,0,,0,0,0,0,0,AT,Age70_79,COMBA.1,8932664
2021-W08,AT,753524,0,0,0,,0,0,0,0,45,AT,Age70_79,UNK,8932664
2021-W08,AT,753524,0,0,2602,,1234,1,0,0,0,AT,Age70_79,COM,8932664
2021-W08,AT,753524,0,0,0,,0,0,0,0,0,AT,Age70_79,VLA,8932664
2021-W08,AT,753524,0,0,0,,0,0,0,0,0,AT,Age70_79,JANSS,8932664
2021-W08,AT,502105,0,0,56,,2,0,0,0,0,AT,Age80+,AZ,8932664
2021-W08,AT,502105,0,0,0,,0,0,0,0,0,AT,Age80+,MODBA.1,8932664
2021-W08,AT,502105,0,0,0,,0,0,0,0,13,AT,Age80+,UNK,8932664
2021-W08,AT,502105,0,0,2,,2,0,0,0,0,AT,Age80+,COMBA.4-5,8932664
2021-W08,AT,502105,0,0,0,,0,0,0,0,0,AT,Age80+,SGSK,8932664
2021-W08,AT,502105,0,0,0,,0,0,0,0,0,AT,Age80+,COMBA.1,8932664
2021-W08,AT,502105,0,0,0,,0,0,0,0,0,AT,Age80+,JANSS,8932664
2021-W08,AT,502105,0,0,0,,0,0,0,0,0,AT,Age80+,NVXD,8932664
2021-W08,AT,502105,0,0,903,,406,0,0,0,0,AT,Age80+,MOD,8932664
2021-W08,AT,502105,0,0,35346,,2843,2,0,0,0,AT,Age80+,COM,8932664
2021-W08,AT,502105,0,0,0,,0,0,0,0,0,AT,Age80+,VLA,8932664
2021-W08,AT,1543886,0,0,32,,0,0,0,0,0,AT,Age<18,AZ,8932664
2021-W08,AT,1543886,0,0,0,,0,0,0,0,0,AT,Age<18,MODBA.1,8932664
2021-W08,AT,1543886,0,0,0,,0,0,0,0,0,AT,Age<18,COMBA.4-5,8932664
2021-W08,AT,1543886,0,0,0,,0,0,0,0,0,AT,Age<18,SGSK,8932664
2021-W08,AT,1543886,0,0,0,,0,0,0,0,0,AT,Age<18,COMBA.1,8932664
2021-W08,AT,1543886,0,0,0,,0,0,0,0,0,AT,Age<18,MOD,8932664
2021-W08,AT,1543886,0,0,0,,0,0,0,0,0,AT,Age<18,VLA,8932664
2021-W08,AT,1543886,0,0,0,,0,0,0,0,0,AT,Age<18,NVXD,8932664
2021-W08,AT,1543886,0,0,0,,0,0,0,0,0,AT,Age<18,UNK,8932664
2021-W08,AT,1543886,0,0,27,,22,0,0,0,0,AT,Age<18,COM,8932664
2021-W08,AT,1543886,0,0,0,,0,0,0,0,0,AT,Age<18,JANSS,8932664
2021-W09,AT,7388778,0,0,2,,0,0,0,0,0,AT,ALL,COMBA.1,8932664
2021-W09,AT,7388778,0,0,7966,,1462,2,0,0,0,AT,ALL,MOD,8932664
2021-W09,AT,7388778,0,0,0,,0,0,0,0,192,AT,ALL,UNK,8932664
2021-W09,AT,7388778,0,0,0,,0,0,0,0,0,AT,ALL,JANSS,8932664
2021-W09,AT,7388778,0,0,0,,0,0,0,0,0,AT,ALL,MODBA.1,8932664
2021-W09,AT,7388778,91260,0,91719,,13728,4,0,0,0,AT,ALL,COM,8932664
2021-W09,AT,7388778,0,0,0,,0,0,0,0,0,AT,ALL,SGSK,8932664
2021-W09,AT,7388778,0,0,0,,0,0,0,0,0,AT,ALL,VLA,8932664
2021-W09,AT,7388778,67200,0,55308,,13,1,0,0,0,AT,ALL,AZ,8932664
2021-W09,AT,7388778,0,0,0,,0,0,0,0,0,AT,ALL,NVXD,8932664
2021-W09,AT,7388778,0,0,0,,1,0,0,0,0,AT,ALL,COMBA.4-5,8932664
2021-W09,AT,433755,0,0,0,,0,0,0,0,0,AT,Age0_4,UNK,8932664
2021-W09,AT,433755,0,0,0,,0,0,0,0,0,AT,Age0_4,COMBA.4-5,8932664
2021-W09,AT,433755,0,0,0,,0,0,0,0,0,AT,Age0_4,NVXD,8932664
2021-W09,AT,433755,0,0,0,,0,0,0,0,0,AT,Age0_4,MOD,8932664
2021-W09,AT,433755,0,0,0,,0,0,0,0,0,AT,Age0_4,SGSK,8932664
2021-W09,AT,433755,0,0,0,,0,0,0,0,0,AT,Age0_4,COM,8932664
2021-W09,AT,433755,0,0,0,,0,0,0,0,0,AT,Age0_4,JANSS,8932664
2021-W09,AT,433755,0,0,0,,0,0,0,0,0,AT,Age0_4,COMBA.1,8932664
2021-W09,AT,433755,0,0,0,,0,0,0,0,0,AT,Age0_4,VLA,8932664
2021-W09,AT,433755,0,0,0,,0,0,0,0,0,AT,Age0_4,MODBA.1,8932664
2021-W09,AT,433755,0,0,0,,0,0,0,0,0,AT,Age0_4,AZ,8932664
2021-W09,AT,423433,0,0,0,,0,0,0,0,0,AT,Age10_14,MODBA.1,8932664
2021-W09,AT,423433,0,0,2,,0,0,0,0,0,AT,Age10_14,AZ,8932664
2021-W09,AT,423433,0,0,0,,0,0,0,0,0,AT,Age10_14,MOD,8932664
2021-W09,AT,423433,0,0,0,,0,0,0,0,0,AT,Age10_14,NVXD,8932664
2021-W09,AT,423433,0,0,0,,0,0,0,0,0,AT,Age10_14,COMBA.4-5,8932664
2021-W09,AT,423433,0,0,0,,0,0,0,0,0,AT,Age10_14,COMBA.1,8932664
2021-W09,AT,423433,0,0,0,,0,0,0,0,0,AT,Age10_14,VLA,8932664
2021-W09,AT,423433,0,0,0,,0,0,0,0,0,AT,Age10_14,JANSS,8932664
2021-W09,AT,423433,0,0,0,,0,0,0,0,0,AT,Age10_14,UNK,8932664
2021-W09,AT,423433,0,0,5,,0,0,0,0,0,AT,Age10_14,COM,8932664
2021-W09,AT,423433,0,0,0,,0,0,0,0,0,AT,Age10_14,SGSK,8932664
2021-W09,AT,258398,0,0,15,,0,0,0,0,0,AT,Age15_17,AZ,8932664
2021-W09,AT,258398,0,0,0,,0,0,0,0,0,AT,Age15_17,VLA,8932664
2021-W09,AT,258398,0,0,0,,0,0,0,0,0,AT,Age15_17,NVXD,8932664
2021-W09,AT,258398,0,0,0,,0,0,0,0,0,AT,Age15_17,COMBA.1,8932664
2021-W09,AT,258398,0,0,0,,0,0,0,0,0,AT,Age15_17,JANSS,8932664
2021-W09,AT,258398,0,0,37,,14,0,0,0,0,AT,Age15_17,COM,8932664
2021-W09,AT,258398,0,0,0,,0,0,0,0,0,AT,Age15_17,UNK,8932664
2021-W09,AT,258398,0,0,0,,0,0,0,0,0,AT,Age15_17,MODBA.1,8932664
2021-W09,AT,258398,0,0,0,,0,0,0,0,0,AT,Age15_17,SGSK,8932664
2021-W09,AT,258398,0,0,0,,0,0,0,0,0,AT,Age15_17,COMBA.4-5,8932664
2021-W09,AT,258398,0,0,2,,0,0,0,0,0,AT,Age15_17,MOD,8932664
2021-W09,AT,683584,0,0,448,,553,0,0,0,0,AT,Age18_24,COM,8932664
2021-W09,AT,683584,0,0,0,,0,0,0,0,0,AT,Age18_24,JANSS,8932664
2021-W09,AT,683584,0,0,0,,0,0,0,0,0,AT,Age18_24,NVXD,8932664
2021-W09,AT,683584,0,0,0,,0,0,0,0,0,AT,Age18_24,MODBA.1,8932664
2021-W09,AT,683584,0,0,4802,,2,0,0,0,0,AT,Age18_24,AZ,8932664
2021-W09,AT,683584,0,0,0,,0,0,0,0,0,AT,Age18_24,UNK,8932664
2021-W09,AT,683584,0,0,284,,7,0,0,0,0,AT,Age18_24,MOD,8932664
2021-W09,AT,683584,0,0,0,,1,0,0,0,0,AT,Age18_24,COMBA.4-5,8932664
2021-W09,AT,683584,0,0,0,,0,0,0,0,0,AT,Age18_24,COMBA.1,8932664
